,jp_id,jp_institution,jp_keywords,url,true_deadline,real_deadline,
1,111460310,University of Canterbury,"Lecturer in Economics
Senior Lecturer in Economics
Associate Professor in Economics
",https://www.aeaweb.org/joe/listing.php?JOE_ID=2018-02_111460310,12/08/2018,,
2,111460275,USAA,NA,https://www.aeaweb.org/joe/listing.php?JOE_ID=2018-02_111460275,31/08/2018,,
3,111460373,"Giant Oak, Inc.","Text Analytics
Machine Learning
NLP
Econometrics
Policy evaluation",https://www.aeaweb.org/joe/listing.php?JOE_ID=2018-02_111460373,07/09/2018,,
4,111460342,Promontory Financial Group,"Consulting
Financial Services
Model Development
Model Validation",https://www.aeaweb.org/joe/listing.php?JOE_ID=2018-02_111460342,14/09/2018,,
5,111460321,Duke University,"Child Development, Public Policy",https://www.aeaweb.org/joe/listing.php?JOE_ID=2018-02_111460321,15/09/2018,,
6,111460423,Virginia Department of Planning and Budget,"Economist, Regulations and Forecasting",https://www.aeaweb.org/joe/listing.php?JOE_ID=2018-02_111460423,21/09/2018,,
7,111460568,California Air Resources Board,"Economics
Government
Policy
Regulation
Modeling
Macroeconomic
Finance
REMI
Ecosystem valuation",https://www.aeaweb.org/joe/listing.php?JOE_ID=2018-02_111460568,24/09/2018,,
8,111460277,USAA,NA,https://www.aeaweb.org/joe/listing.php?JOE_ID=2018-02_111460277,30/09/2018,,
9,111460276,USAA,NA,https://www.aeaweb.org/joe/listing.php?JOE_ID=2018-02_111460276,30/09/2018,,
10,111460653,Boston University,"gender in international relations
gender
international relations
international development
global affairs
",https://www.aeaweb.org/joe/listing.php?JOE_ID=2018-02_111460653,01/10/2018,,
11,111460315,Brown University,Education Economics,https://www.aeaweb.org/joe/listing.php?JOE_ID=2018-02_111460315,01/10/2018,,
12,111460279,Brown University,Macroeconomics,https://www.aeaweb.org/joe/listing.php?JOE_ID=2018-02_111460279,01/10/2018,15/11/2018,"Cover letter, curriculum vitae, and copies of or links to important publications and/or working papers. Applicants at the level of Assistant Professor must arrange for three letters of recommendation to be submitted online"
13,111460280,Brown University,Econometrics,https://www.aeaweb.org/joe/listing.php?JOE_ID=2018-02_111460280,01/10/2018,,
14,111460749,Bucknell University,NA,https://www.aeaweb.org/joe/listing.php?JOE_ID=2018-02_111460749,01/10/2018,,
15,111460522,Dartmouth College,Nelson A. Rockefeller Center,https://www.aeaweb.org/joe/listing.php?JOE_ID=2018-02_111460522,01/10/2018,,
16,111460351,Denison University,NA,https://www.aeaweb.org/joe/listing.php?JOE_ID=2018-02_111460351,01/10/2018,,
17,111460784,Kenyon College,macroeconomics and monetary economics,https://www.aeaweb.org/joe/listing.php?JOE_ID=2018-02_111460784,01/10/2018,,
18,111460400,Luther College,NA,https://www.aeaweb.org/joe/listing.php?JOE_ID=2018-02_111460400,01/10/2018,,
19,111461328,Southern Methodist University,"Teaching track
Econometrics
Business analytics
Statistics",https://www.aeaweb.org/joe/listing.php?JOE_ID=2018-02_111461328,01/10/2018,,
20,111460453,University of Chicago Harris School of Public Policy,NA,https://www.aeaweb.org/joe/listing.php?JOE_ID=2018-02_111460453,01/10/2018,,
21,111460798,University of Southern California,"International Trade
Political Economy
Macroeconomics
Finance",https://www.aeaweb.org/joe/listing.php?JOE_ID=2018-02_111460798,01/10/2018,,
22,111460370,Princeton University,"Princeton University, Professor, East Asia, China, Korea, North Korea, South Korea, Japan",https://www.aeaweb.org/joe/listing.php?JOE_ID=2018-02_111460370,03/10/2018,,
23,111461046,Cornell University,NA,https://www.aeaweb.org/joe/listing.php?JOE_ID=2018-02_111461046,10/10/2018,,
24,111460659,Texas A&M University,Industrial Organization,https://www.aeaweb.org/joe/listing.php?JOE_ID=2018-02_111460659,10/10/2018,,
25,111460660,Texas A&M University,Macroeconomics,https://www.aeaweb.org/joe/listing.php?JOE_ID=2018-02_111460660,10/10/2018,,
26,111460386,Elmhurst College,NA,https://www.aeaweb.org/joe/listing.php?JOE_ID=2018-02_111460386,15/10/2018,,
27,111460772,Georgia State University,NA,https://www.aeaweb.org/joe/listing.php?JOE_ID=2018-02_111460772,15/10/2018,,
28,111460352,Michigan State University,Political Economy/Political Theory,https://www.aeaweb.org/joe/listing.php?JOE_ID=2018-02_111460352,15/10/2018,,
29,111460495,Pennsylvania State University,NA,https://www.aeaweb.org/joe/listing.php?JOE_ID=2018-02_111460495,15/10/2018,,
30,111460369,Princeton University,"Princeton University, Professor, India, South Asia",https://www.aeaweb.org/joe/listing.php?JOE_ID=2018-02_111460369,15/10/2018,,
31,111460639,Texas Christian University,"General Economics
Instructor of Economics
Texas Christian University",https://www.aeaweb.org/joe/listing.php?JOE_ID=2018-02_111460639,15/10/2018,,
32,111460907,Grossmont/Cuyamaca Community College District,NA,https://www.aeaweb.org/joe/listing.php?JOE_ID=2018-02_111460907,17/10/2018,,
33,111460783,Emory University,Econometrics,https://www.aeaweb.org/joe/listing.php?JOE_ID=2018-02_111460783,20/10/2018,,
34,111460771,Emory University,Microeconomics/Econometrics,https://www.aeaweb.org/joe/listing.php?JOE_ID=2018-02_111460771,20/10/2018,,
35,111460455,University of Pennsylvania,NA,https://www.aeaweb.org/joe/listing.php?JOE_ID=2018-02_111460455,21/10/2018,,
36,111460512,Loyola Marymount University,"Macroeconomics
Monetary Economics",https://www.aeaweb.org/joe/listing.php?JOE_ID=2018-02_111460512,22/10/2018,,
37,111461411,Agency for Healthcare Research and Quality,Health Economics,https://www.aeaweb.org/joe/listing.php?JOE_ID=2018-02_111461411,25/10/2018,,
38,111460650,Indiana University - Bloomington,"Social Policy
Poverty
inequality
race/ethnicity
immigration
income security",https://www.aeaweb.org/joe/listing.php?JOE_ID=2018-02_111460650,25/10/2018,,
39,111460927,University of Wisconsin - Madison,lecturer,https://www.aeaweb.org/joe/listing.php?JOE_ID=2018-02_111460927,28/10/2018,,
40,111460252,Harvard Business School,"Entrepreneurship, Innovation, Economics, Finance",https://www.aeaweb.org/joe/listing.php?JOE_ID=2018-02_111460252,30/10/2018,,
41,111460852,University of Nebraska-Lincoln,"International Trade
International Trade Agreements and Policy
Associate or Full Professor",https://www.aeaweb.org/joe/listing.php?JOE_ID=2018-02_111460852,30/10/2018,,
42,111460952,Aarhus University,"Full Professor
Aarhus University
Denmark
Aarhus BSS
Business Economics",https://www.aeaweb.org/joe/listing.php?JOE_ID=2018-02_111460952,31/10/2018,,
43,111460658,Brigham Young University,Economics,https://www.aeaweb.org/joe/listing.php?JOE_ID=2018-02_111460658,31/10/2018,,
44,111460237,Georgia Institute of Technology,"Strategy
Innovation
Entrepreneurship
",https://www.aeaweb.org/joe/listing.php?JOE_ID=2018-02_111460237,31/10/2018,,
45,111460493,University of British Columbia,"International Economics
Public Economics
Health, Education, and Welfare
Labor and Demographic Economics
Industrial Organization
Agricultural and Natural Resource Economics
Environmental and Ecological Economics",https://www.aeaweb.org/joe/listing.php?JOE_ID=2018-02_111460493,31/10/2018,,
46,111460378,University of Chicago,NA,https://www.aeaweb.org/joe/listing.php?JOE_ID=2018-02_111460378,31/10/2018,,
47,111460331,Chapman University,"Political Economy
Economic History of Healthcare
Property and Environmental Economics
Experimental Economics
Culture and Economics",https://www.aeaweb.org/joe/listing.php?JOE_ID=2018-02_111460331,01/11/2018,,
48,111460613,Christopher Newport University,NA,https://www.aeaweb.org/joe/listing.php?JOE_ID=2018-02_111460613,01/11/2018,,
49,111460720,Franklin College,NA,https://www.aeaweb.org/joe/listing.php?JOE_ID=2018-02_111460720,01/11/2018,,
50,111461276,Hobart and William Smith Colleges,International Trade,https://www.aeaweb.org/joe/listing.php?JOE_ID=2018-02_111461276,01/11/2018,,
51,111460285,Indiana University,Macroeconomics,https://www.aeaweb.org/joe/listing.php?JOE_ID=2018-02_111460285,01/11/2018,,
52,111461203,Old Dominion University,Macroeconomics and Monetary Economics,https://www.aeaweb.org/joe/listing.php?JOE_ID=2018-02_111461203,01/11/2018,,
53,111461104,The University of Alabama,Experimental Economics and Behavioral Economics,https://www.aeaweb.org/joe/listing.php?JOE_ID=2018-02_111461104,01/11/2018,,
54,111461514,U.S. Naval Academy,"Microeconomics
Macro and Monetary Economics
Econometrics and Statistics",https://www.aeaweb.org/joe/listing.php?JOE_ID=2018-02_111461514,01/11/2018,,
55,111460451,University of Chicago Harris School of Public Policy,NA,https://www.aeaweb.org/joe/listing.php?JOE_ID=2018-02_111460451,01/11/2018,,
56,111460460,University of Massachusetts - Amherst,Political Economy of Latin American Development,https://www.aeaweb.org/joe/listing.php?JOE_ID=2018-02_111460460,01/11/2018,,
57,111460982,University of Massachusetts Lowell,Economics,https://www.aeaweb.org/joe/listing.php?JOE_ID=2018-02_111460982,01/11/2018,,
58,111460795,University of Southern California,Spatial Econometrics,https://www.aeaweb.org/joe/listing.php?JOE_ID=2018-02_111460795,01/11/2018,,
59,111461268,Washington State University,"Macroeconomics
Development Economics
Econometrics
Health Economics
International Trade",https://www.aeaweb.org/joe/listing.php?JOE_ID=2018-02_111461268,01/11/2018,,
60,111460929,Wheaton College,"principles or intermediate microeconomics, statistics, econometrics",https://www.aeaweb.org/joe/listing.php?JOE_ID=2018-02_111460929,01/11/2018,,
61,111460892,Trinity College,Development/East Asia,https://www.aeaweb.org/joe/listing.php?JOE_ID=2018-02_111460892,02/11/2018,,
62,111461221,Bocconi University,NA,https://www.aeaweb.org/joe/listing.php?JOE_ID=2018-02_111461221,05/11/2018,,
63,111460557,Colby College,"Labor Economics
Applied Microeconomics
Applied Macroeconomics",https://www.aeaweb.org/joe/listing.php?JOE_ID=2018-02_111460557,05/11/2018,,
64,111461130,University of Nebraska-Lincoln,"Applied Microeconomics
Assistant Professor",https://www.aeaweb.org/joe/listing.php?JOE_ID=2018-02_111461130,05/11/2018,,
65,111461047,University of Nebraska-Lincoln,"Applied Econometrics
Assistant Professor",https://www.aeaweb.org/joe/listing.php?JOE_ID=2018-02_111461047,05/11/2018,,
66,111461433,"University of California, Santa Barbara",NA,https://www.aeaweb.org/joe/listing.php?JOE_ID=2018-02_111461433,06/11/2018,,
67,111461381,University of Illinois at Urbana-Champaign,NA,https://www.aeaweb.org/joe/listing.php?JOE_ID=2018-02_111461381,06/11/2018,,
68,111461110,Trinity College,"macroeconomics, non-monetary",https://www.aeaweb.org/joe/listing.php?JOE_ID=2018-02_111461110,07/11/2018,,
69,111461303,Middle Tennessee State University,"Public Choice
Political Economy",https://www.aeaweb.org/joe/listing.php?JOE_ID=2018-02_111461303,08/11/2018,,
70,111461536,Belmont University,"Economics
Macroeconomics
Monetary theory
Financial economics
Environmental economics",https://www.aeaweb.org/joe/listing.php?JOE_ID=2018-02_111461536,09/11/2018,,
71,111461065,New College of Florida,NA,https://www.aeaweb.org/joe/listing.php?JOE_ID=2018-02_111461065,09/11/2018,,
72,111461138,New Mexico State University,"Energy
Regional
Development",https://www.aeaweb.org/joe/listing.php?JOE_ID=2018-02_111461138,09/11/2018,,
73,111460841,New Mexico State University,"Regional 
Development
International",https://www.aeaweb.org/joe/listing.php?JOE_ID=2018-02_111460841,09/11/2018,,
74,111461107,Seattle University,Macroeconomics,https://www.aeaweb.org/joe/listing.php?JOE_ID=2018-02_111461107,09/11/2018,,
75,111461189,Regis University,"Ecological Economics
Environmental Economics
Welfare Economics
Economics of Inequality
Political Economy
Development Economics",https://www.aeaweb.org/joe/listing.php?JOE_ID=2018-02_111461189,10/11/2018,,
76,111461200,Temple University,"Monetary Economics, Trade, Finance, Public Finance, Health, Education, Labor, Crime, Economic History, Urban",https://www.aeaweb.org/joe/listing.php?JOE_ID=2018-02_111461200,10/11/2018,,
77,111460822,U.S. International Trade Commission,"International Trade
General Equilibrium Modeling
Gravity Modeling 
Partial Equilibrium Modeling",https://www.aeaweb.org/joe/listing.php?JOE_ID=2018-02_111460822,10/11/2018,,
78,111460604,Whittier College,"Macroeconomics
Health, Education, and Welfare
Development",https://www.aeaweb.org/joe/listing.php?JOE_ID=2018-02_111460604,11/11/2018,,
79,111460670,Bank of England,Experienced Research Economist,https://www.aeaweb.org/joe/listing.php?JOE_ID=2018-02_111460670,12/11/2018,,
80,111460668,Bank of England,Research Economist,https://www.aeaweb.org/joe/listing.php?JOE_ID=2018-02_111460668,12/11/2018,,
81,111461425,"Faculty of Business, Economics and Social Sciences","Monetary
Macroeconomics
associate/full",https://www.aeaweb.org/joe/listing.php?JOE_ID=2018-02_111461425,12/11/2018,,
82,111461398,New York University Arts and Science,"International Development, Political Economy Teach Principles of Macroeconomics and Principles of Microeconomics",https://www.aeaweb.org/joe/listing.php?JOE_ID=2018-02_111461398,12/11/2018,,
83,111461504,"University of York, UK",NA,https://www.aeaweb.org/joe/listing.php?JOE_ID=2018-02_111461504,12/11/2018,,
84,111461105,Washington and Lee University,Any field,https://www.aeaweb.org/joe/listing.php?JOE_ID=2018-02_111461105,12/11/2018,,
85,111461426,George Washington University,International Business,https://www.aeaweb.org/joe/listing.php?JOE_ID=2018-02_111461426,13/11/2018,,
86,111460770,Northwestern University,NA,https://www.aeaweb.org/joe/listing.php?JOE_ID=2018-02_111460770,14/11/2018,,
87,111460542,American University,Macroeconomics,https://www.aeaweb.org/joe/listing.php?JOE_ID=2018-02_111460542,15/11/2018,,
88,111460541,American University,Development Economics,https://www.aeaweb.org/joe/listing.php?JOE_ID=2018-02_111460541,15/11/2018,,
89,111461446,Berlin Economics Research Associates (BERA),"Postdoc
Economics
Research
Teaching",https://www.aeaweb.org/joe/listing.php?JOE_ID=2018-02_111461446,15/11/2018,,
90,111460969,California State University Fullerton,"International Economics 
Macroeconomics 
Quantitative Methods",https://www.aeaweb.org/joe/listing.php?JOE_ID=2018-02_111460969,15/11/2018,,
91,111460717,Claremont McKenna College,Macroeconomics and Monetary Economics,https://www.aeaweb.org/joe/listing.php?JOE_ID=2018-02_111460717,15/11/2018,,
92,111461201,Colgate University,Financial Economics,https://www.aeaweb.org/joe/listing.php?JOE_ID=2018-02_111461201,15/11/2018,,
93,111461202,Colgate University,Macro,https://www.aeaweb.org/joe/listing.php?JOE_ID=2018-02_111461202,15/11/2018,,
94,111460813,Cornell University,"Regional Science
Urban Studies/International Development; Public Health; Quantitative analysis; Social Demography; Social Sciences; Spatial Analysis/GIS; Urban analysis
Regional Planning
Development
Sustainable Critical Infrastructural Planning
Qualitative Methods/Applied Policy Analysis; Regional Economics
Community Development
Energy & Environment/Economics
Environmental
Environmental Economics and Policy
Ethnicity, Race, and Migration
Sustainability
Transportation Systems",https://www.aeaweb.org/joe/listing.php?JOE_ID=2018-02_111460813,15/11/2018,,
95,111461259,Duke University,Economics,https://www.aeaweb.org/joe/listing.php?JOE_ID=2018-02_111461259,15/11/2018,,
96,111460816,Federal Reserve Board,"B - History of Economic Thought, Methodology, and Heterodox Approaches
C - Mathematical and Quantitative Methods
D - Microeconomics
E - Macroeconomics and Monetary Economics
F - International Economics
G - Financial Economics
H - Public Economics
I - Health, Education, and Welfare
J - Labor and Demographic Economics
K - Law and Economics
L - Industrial Organization
N - Economic History
O - Economic Development, Innovation, Technological Change, and Growth
Q - Agricultural and Natural Resource Economics
R - Urban, Rural, Regional, Real Estate, and Transportation Economics
",https://www.aeaweb.org/joe/listing.php?JOE_ID=2018-02_111460816,15/11/2018,,
97,111461353,George Washington University,NA,https://www.aeaweb.org/joe/listing.php?JOE_ID=2018-02_111461353,15/11/2018,,
98,111461484,Georgia Institute of Technology,"Microeconometrics, Panel Data Methods, Big Data Methods
",https://www.aeaweb.org/joe/listing.php?JOE_ID=2018-02_111461484,15/11/2018,,
99,111460385,Harvard Business School,NA,https://www.aeaweb.org/joe/listing.php?JOE_ID=2018-02_111460385,15/11/2018,,
100,111461222,Harvard University,Assistant; Tenure-track; Faculty; Instructor; Boston; Cambridge; Massachusetts; MA; Northeast; New England; African Studies; Social Science; Sociology; Political Science; Government; Economics; Economic Development,https://www.aeaweb.org/joe/listing.php?JOE_ID=2018-02_111461222,15/11/2018,,
101,111461396,INSEAD,Economics,https://www.aeaweb.org/joe/listing.php?JOE_ID=2018-02_111461396,15/11/2018,,
102,111460399,KU Leuven,Economics,https://www.aeaweb.org/joe/listing.php?JOE_ID=2018-02_111460399,15/11/2018,,
103,111460496,Massachusetts Institute of Technology,"Assistant Professor
Assistant
Professor
Economics
Graduate Program
Tenure Track
Phd",https://www.aeaweb.org/joe/listing.php?JOE_ID=2018-02_111460496,15/11/2018,,
104,111460329,Massachusetts Institute of Technology,"Applied Economics
Economics
Microeconomics
Macroeconomics",https://www.aeaweb.org/joe/listing.php?JOE_ID=2018-02_111460329,15/11/2018,,
105,111460360,MIT Sloan School of Management,"Technological Innovation
Entrepreneurship 
Strategic Management 
",https://www.aeaweb.org/joe/listing.php?JOE_ID=2018-02_111460360,15/11/2018,,
106,111460861,Montana State University,Any field,https://www.aeaweb.org/joe/listing.php?JOE_ID=2018-02_111460861,15/11/2018,,
107,111460729,Northwestern University,NA,https://www.aeaweb.org/joe/listing.php?JOE_ID=2018-02_111460729,15/11/2018,,
108,111461321,Paris School of Economics,NA,https://www.aeaweb.org/joe/listing.php?JOE_ID=2018-02_111461321,15/11/2018,,
109,111461085,RAND Corporation,"Applied Microeconomists, Applied Microeconomics, Economics, Labor, Defense, Education, Civil and Criminal Justice, Health, Health Policy, Aging, Economic Development, and Environment.",https://www.aeaweb.org/joe/listing.php?JOE_ID=2018-02_111461085,15/11/2018,,
110,111460337,Rochester Institute of Technology,"Macroeconomics
Monetary Economics",https://www.aeaweb.org/joe/listing.php?JOE_ID=2018-02_111460337,15/11/2018,,
111,111461356,Southwestern University,NA,https://www.aeaweb.org/joe/listing.php?JOE_ID=2018-02_111461356,15/11/2018,,
112,111460790,Stanford University,"Finance
Health Economics
Organization
Digital Platforms
Financial Technology
Machine Learning in Finance and Economics",https://www.aeaweb.org/joe/listing.php?JOE_ID=2018-02_111460790,15/11/2018,,
113,111461066,The University of Tulsa,"Heterodox Approaches
 Economic Policy
 Economic History
Feminist Economics 
Economic Development
International Economics
Policy Analysis",https://www.aeaweb.org/joe/listing.php?JOE_ID=2018-02_111461066,15/11/2018,,
114,111461008,The World Bank Group,Development Economics,https://www.aeaweb.org/joe/listing.php?JOE_ID=2018-02_111461008,15/11/2018,,
115,111460864,The World Bank Group,NA,https://www.aeaweb.org/joe/listing.php?JOE_ID=2018-02_111460864,15/11/2018,,
116,111460384,Univeristy of Illinois,"Economics, International Trade, Food Security, global health,",https://www.aeaweb.org/joe/listing.php?JOE_ID=2018-02_111460384,15/11/2018,,
117,111460676,Universidad Carlos III,NA,https://www.aeaweb.org/joe/listing.php?JOE_ID=2018-02_111460676,15/11/2018,,
118,111460883,University College London,"Finance, Financial Economics",https://www.aeaweb.org/joe/listing.php?JOE_ID=2018-02_111460883,15/11/2018,,
119,111460900,University of Arkansas,"Experimental Economics
Behavioral Economics
",https://www.aeaweb.org/joe/listing.php?JOE_ID=2018-02_111460900,15/11/2018,,
120,111460899,University of Arkansas,"International Trade, Global Supply Chains, Production Networks",https://www.aeaweb.org/joe/listing.php?JOE_ID=2018-02_111460899,15/11/2018,,
121,111461042,University of British Columbia,"Vancouver School of Economics
Macroeconomics
Economic Theory
Public Economics
",https://www.aeaweb.org/joe/listing.php?JOE_ID=2018-02_111461042,15/11/2018,,
122,111460994,University of Florida,Macroeconomics,https://www.aeaweb.org/joe/listing.php?JOE_ID=2018-02_111460994,15/11/2018,,
123,111460740,University of Florida,Econometrics,https://www.aeaweb.org/joe/listing.php?JOE_ID=2018-02_111460740,15/11/2018,,
124,111461023,University of Gothenburg,Development Economics,https://www.aeaweb.org/joe/listing.php?JOE_ID=2018-02_111461023,15/11/2018,,
125,111461019,University of Gothenburg,Financial Economics,https://www.aeaweb.org/joe/listing.php?JOE_ID=2018-02_111461019,15/11/2018,,
126,111461143,University of Hawaii at Manoa,"Environmental, Labor, Development, Experimental",https://www.aeaweb.org/joe/listing.php?JOE_ID=2018-02_111461143,15/11/2018,,
127,111460562,University of Kansas,Macroeconomics,https://www.aeaweb.org/joe/listing.php?JOE_ID=2018-02_111460562,15/11/2018,,
128,111461285,University of Manitoba,"Macroeconomic Theory
Monetary Economics
Open Economy Macroeconomics",https://www.aeaweb.org/joe/listing.php?JOE_ID=2018-02_111461285,15/11/2018,,
129,111460484,"University of Maryland, Baltimore County","Macroeconomics
Financial Economics",https://www.aeaweb.org/joe/listing.php?JOE_ID=2018-02_111460484,15/11/2018,,
130,111460732,University of Massachusetts Boston,"International Finance 
Open Economy Macroeconomics 
Heterodox Economics
Global Political Economy",https://www.aeaweb.org/joe/listing.php?JOE_ID=2018-02_111460732,15/11/2018,,
131,111460935,"University of Missouri, Columbia",Assistant Professor,https://www.aeaweb.org/joe/listing.php?JOE_ID=2018-02_111460935,15/11/2018,,
132,111461186,University of North Carolina Asheville,"Liberal Arts
Multiple Positions
Corporate Finance
Econometrics
Behavioral Economics
Economic History
Health Economics
Industrial Organization
International Economics
Macroeconomics
Regional and Urban Economics
Research Methods",https://www.aeaweb.org/joe/listing.php?JOE_ID=2018-02_111461186,15/11/2018,,
133,111460748,University of Notre Dame,NA,https://www.aeaweb.org/joe/listing.php?JOE_ID=2018-02_111460748,15/11/2018,,
134,111460657,University of Notre Dame,NA,https://www.aeaweb.org/joe/listing.php?JOE_ID=2018-02_111460657,15/11/2018,,
135,111460998,University of Pittsburgh,"International
Macro",https://www.aeaweb.org/joe/listing.php?JOE_ID=2018-02_111460998,15/11/2018,,
136,111461006,University of Pittsburgh,NA,https://www.aeaweb.org/joe/listing.php?JOE_ID=2018-02_111461006,15/11/2018,,
137,111461002,University of Pittsburgh,Any Field,https://www.aeaweb.org/joe/listing.php?JOE_ID=2018-02_111461002,15/11/2018,,
138,111461490,University of Pittsburgh,"All Fields
Economic History
Public Economics
Sustainability
Urban Economics",https://www.aeaweb.org/joe/listing.php?JOE_ID=2018-02_111461490,15/11/2018,,
139,111460718,University of Waterloo,Macroeconomics,https://www.aeaweb.org/joe/listing.php?JOE_ID=2018-02_111460718,15/11/2018,,
140,111460924,University of Windsor,"tenure-track
applied macroeconomics
labor economics
experimental economics
financial economics",https://www.aeaweb.org/joe/listing.php?JOE_ID=2018-02_111460924,15/11/2018,,
141,111460878,Vanderbilt University,"Vanderbilt
Associate
Economics",https://www.aeaweb.org/joe/listing.php?JOE_ID=2018-02_111460878,15/11/2018,,
142,111460941,Wells Fargo,NA,https://www.aeaweb.org/joe/listing.php?JOE_ID=2018-02_111460941,15/11/2018,,
143,111461001,William & Mary,"Applied Microeconomics
Econometrics",https://www.aeaweb.org/joe/listing.php?JOE_ID=2018-02_111461001,15/11/2018,,
144,111460858,William & Mary,Macroeconomics,https://www.aeaweb.org/joe/listing.php?JOE_ID=2018-02_111460858,15/11/2018,,
145,111460305,Yale University,NA,https://www.aeaweb.org/joe/listing.php?JOE_ID=2018-02_111460305,15/11/2018,,
146,111460663,York University,"Macroeconomics, Monetary Economics",https://www.aeaweb.org/joe/listing.php?JOE_ID=2018-02_111460663,15/11/2018,,
147,111461031,Auburn University,Macroeconomics,https://www.aeaweb.org/joe/listing.php?JOE_ID=2018-02_111461031,16/11/2018,,
148,111461033,Auburn University,International Economics,https://www.aeaweb.org/joe/listing.php?JOE_ID=2018-02_111461033,16/11/2018,,
149,111461134,Carleton University,All fields of Economics,https://www.aeaweb.org/joe/listing.php?JOE_ID=2018-02_111461134,16/11/2018,,
150,111460295,Compass Lexecon,Economic Consulting,https://www.aeaweb.org/joe/listing.php?JOE_ID=2018-02_111460295,16/11/2018,,
151,111460737,Cornell University,NA,https://www.aeaweb.org/joe/listing.php?JOE_ID=2018-02_111460737,16/11/2018,,
152,111460845,EIEF - Einaudi Institute for Economics and Finance,"Assistant Professor
Economics
Finance
Tenure-Track
Rome-Italy",https://www.aeaweb.org/joe/listing.php?JOE_ID=2018-02_111460845,16/11/2018,,
153,111460970,Grinnell College,"macroeconomics
financial economics
behavioral and experimental economics
economic history
history of economic thought",https://www.aeaweb.org/joe/listing.php?JOE_ID=2018-02_111460970,16/11/2018,,
154,111460473,Hamilton College,Macroeconomics and Monetary Economics,https://www.aeaweb.org/joe/listing.php?JOE_ID=2018-02_111460473,16/11/2018,,
155,111460622,The University of Chicago Booth School of Business,NA,https://www.aeaweb.org/joe/listing.php?JOE_ID=2018-02_111460622,16/11/2018,,
156,111461254,The University of Chicago Booth School of Business,NA,https://www.aeaweb.org/joe/listing.php?JOE_ID=2018-02_111461254,16/11/2018,,
157,111461364,Universitat Pompeu Fabra,Economics and Business,https://www.aeaweb.org/joe/listing.php?JOE_ID=2018-02_111461364,16/11/2018,,
158,111460850,University of Alberta,Economics,https://www.aeaweb.org/joe/listing.php?JOE_ID=2018-02_111460850,16/11/2018,,
159,111460549,University of Alberta,NA,https://www.aeaweb.org/joe/listing.php?JOE_ID=2018-02_111460549,16/11/2018,,
160,111460264,University of Arizona,"Applied Microeconomics
Healthcare
Labor
Experimental
Behavioral",https://www.aeaweb.org/joe/listing.php?JOE_ID=2018-02_111460264,16/11/2018,,
161,111460638,University of Chicago Booth School of Business,NA,https://www.aeaweb.org/joe/listing.php?JOE_ID=2018-02_111460638,16/11/2018,,
162,111460928,University of Michigan,Any Field,https://www.aeaweb.org/joe/listing.php?JOE_ID=2018-02_111460928,16/11/2018,,
163,111460983,University of Texas at Austin,NA,https://www.aeaweb.org/joe/listing.php?JOE_ID=2018-02_111460983,16/11/2018,,
164,111460754,Wesleyan University,"Financial Economics, Microeconomics, Macroeconomics",https://www.aeaweb.org/joe/listing.php?JOE_ID=2018-02_111460754,16/11/2018,,
165,111460648,Amherst College,"Development Economics
Microeconomics
Macroeconomics
",https://www.aeaweb.org/joe/listing.php?JOE_ID=2018-02_111460648,17/11/2018,,
166,111460647,Amherst College,"Inequality
Microeconomics
Macroeconomics",https://www.aeaweb.org/joe/listing.php?JOE_ID=2018-02_111460647,17/11/2018,,
167,111461178,Arizona State University,NA,https://www.aeaweb.org/joe/listing.php?JOE_ID=2018-02_111461178,18/11/2018,,
168,111461168,Iowa State University,"economic theory
microeconomic theory
game theory
bargaining theory
microeconomics
",https://www.aeaweb.org/joe/listing.php?JOE_ID=2018-02_111461168,18/11/2018,,
169,111460987,Queen Mary University of London,"Finance, Econometrics, Financial Econometrics",https://www.aeaweb.org/joe/listing.php?JOE_ID=2018-02_111460987,18/11/2018,,
170,111460698,Universidad de los Andes,Tenure-track position in any field of Economics,https://www.aeaweb.org/joe/listing.php?JOE_ID=2018-02_111460698,18/11/2018,,
171,111461106,Wabash College,"microeconomics, industrial organization",https://www.aeaweb.org/joe/listing.php?JOE_ID=2018-02_111461106,18/11/2018,,
172,111461109,Wabash College,"economic thought, law and economics",https://www.aeaweb.org/joe/listing.php?JOE_ID=2018-02_111461109,18/11/2018,,
173,111461097,Yale School of Management,NA,https://www.aeaweb.org/joe/listing.php?JOE_ID=2018-02_111461097,18/11/2018,,
174,111460487,College of the Holy Cross,"Any Field
Latin American Studies",https://www.aeaweb.org/joe/listing.php?JOE_ID=2018-02_111460487,19/11/2018,,
175,111460918,Harvard Business School,"Harvard Business School
Strategy
HBS
Industrial Organization
International
Innovation",https://www.aeaweb.org/joe/listing.php?JOE_ID=2018-02_111460918,19/11/2018,,
176,111460469,Harvard Business School,"operations management
digital operations
analytics
new product development
economics and management of technological innovation
supply chain management
economics of information technology",https://www.aeaweb.org/joe/listing.php?JOE_ID=2018-02_111460469,19/11/2018,,
177,111460752,Miami University,NA,https://www.aeaweb.org/joe/listing.php?JOE_ID=2018-02_111460752,19/11/2018,,
178,111460777,United States Air Force Academy,"Macroeconomics
International Economics
Undergraduate Teaching",https://www.aeaweb.org/joe/listing.php?JOE_ID=2018-02_111460777,19/11/2018,,
179,111460597,"University of California, Santa Cruz","International Trade
Applied Microeconomics
Development
Labor
Immigration
Industrial Organization
Econometrics",https://www.aeaweb.org/joe/listing.php?JOE_ID=2018-02_111460597,19/11/2018,,
180,111460598,"University of California, Santa Cruz","International Trade
Applied Microeconomics
Development
Labor
Immigration
Industrial Organization
Econometrics",https://www.aeaweb.org/joe/listing.php?JOE_ID=2018-02_111460598,19/11/2018,,
181,111460931,Microsoft,NA,https://www.aeaweb.org/joe/listing.php?JOE_ID=2018-02_111460931,20/11/2018,,
182,111460447,Middlebury College,"Any Field
Environmental Economics
Public Economics",https://www.aeaweb.org/joe/listing.php?JOE_ID=2018-02_111460447,20/11/2018,,
183,111460446,Middlebury College,Macroeconomics,https://www.aeaweb.org/joe/listing.php?JOE_ID=2018-02_111460446,20/11/2018,,
184,111460802,University of Delaware,"
",https://www.aeaweb.org/joe/listing.php?JOE_ID=2018-02_111460802,20/11/2018,,
185,111461561,University of Exeter,"Agricultural and Resource Economics
Applied Econometrics
Behavioural Economics
Development Economics
Environmental Economics
Energy Economics
Family Economics
Health Economics
Human Capital
Natural Capital Economics
Spatial Econometrics
Welfare Economics
",https://www.aeaweb.org/joe/listing.php?JOE_ID=2018-02_111461561,20/11/2018,,
186,111460827,University of South Carolina,"Any field
Applied micro
Public
Health
Labor
Education
Development",https://www.aeaweb.org/joe/listing.php?JOE_ID=2018-02_111460827,20/11/2018,,
187,111461064,Abt Associates,"Health Economics
Behavioral Health
Health Policy 
Medicare
Medicaid
Mental Health",https://www.aeaweb.org/joe/listing.php?JOE_ID=2018-02_111461064,21/11/2018,,
188,111460757,Abt Associates,"Social and Economic Policy
Public Economics
Health
Education
Welfare
Housing",https://www.aeaweb.org/joe/listing.php?JOE_ID=2018-02_111460757,21/11/2018,,
189,111460374,Banco de Espa<U+00F1>a,"Microeconomics, Macroeconomics, applied finance, international trade",https://www.aeaweb.org/joe/listing.php?JOE_ID=2018-02_111460374,21/11/2018,,
190,111460632,Bates White Economic Consulting,"Industrial Organization
Applied Econometrics
Applied Microeconomics
Financial Economics
Labor
Healthcare
Machine Learning",https://www.aeaweb.org/joe/listing.php?JOE_ID=2018-02_111460632,21/11/2018,,
191,111461458,Brandeis University,NA,https://www.aeaweb.org/joe/listing.php?JOE_ID=2018-02_111461458,21/11/2018,,
192,111461252,Brandeis University,Economics Lecturer,https://www.aeaweb.org/joe/listing.php?JOE_ID=2018-02_111461252,21/11/2018,,
193,111460656,Columbia University,NA,https://www.aeaweb.org/joe/listing.php?JOE_ID=2018-02_111460656,21/11/2018,,
194,111461382,Danmarks Nationalbank,"Macroeconomics 
Monetary Economics
International Macroeconomics
Finance and Banking",https://www.aeaweb.org/joe/listing.php?JOE_ID=2018-02_111461382,21/11/2018,,
195,111461089,UNSW Sydney,"Finance
Banking
Financial Economics",https://www.aeaweb.org/joe/listing.php?JOE_ID=2018-02_111461089,21/11/2018,,
196,111461251,Banque de France,"Monetary Macroecononmics
International Economics
International Finance
Fiscal Policy
Tax Policy
Household Finance
Labour Economics
International Trade",https://www.aeaweb.org/joe/listing.php?JOE_ID=2018-02_111461251,22/11/2018,,
197,111461313,IESE Business School,"Financial Management Department
Assistant Professor
",https://www.aeaweb.org/joe/listing.php?JOE_ID=2018-02_111461313,22/11/2018,,
198,111461062,London School of Economics,"Assistant Professor, Finance",https://www.aeaweb.org/joe/listing.php?JOE_ID=2018-02_111461062,22/11/2018,,
199,111461032,Auburn University,Econometrics,https://www.aeaweb.org/joe/listing.php?JOE_ID=2018-02_111461032,23/11/2018,,
200,111461320,Bocconi University,Welfare Policy,https://www.aeaweb.org/joe/listing.php?JOE_ID=2018-02_111461320,23/11/2018,,
201,111460299,Federal Reserve Bank of New York,NA,https://www.aeaweb.org/joe/listing.php?JOE_ID=2018-02_111460299,23/11/2018,,
202,111460828,Federal Reserve Bank of San Francisco,NA,https://www.aeaweb.org/joe/listing.php?JOE_ID=2018-02_111460828,23/11/2018,,
203,111461376,IESE Business School,"Assistant Professor
Professor Economics
Tenure Track Economics",https://www.aeaweb.org/joe/listing.php?JOE_ID=2018-02_111461376,23/11/2018,,
204,111461552,Lancaster University,Macroeconomics,https://www.aeaweb.org/joe/listing.php?JOE_ID=2018-02_111461552,23/11/2018,,
205,111461510,Millennium Challenge Corporation,"International Development, Economics, Public Policy",https://www.aeaweb.org/joe/listing.php?JOE_ID=2018-02_111461510,23/11/2018,,
206,111461492,Moodys Analytics,"Moody's Analytics Research Associate
Quantitative Research team
Finance, economics, econometrics, statistics, engineering, real estate, geography, accounting, and mathematics fields
San Francisco and New York
AEA/ASSA Atlanta, GA",https://www.aeaweb.org/joe/listing.php?JOE_ID=2018-02_111461492,23/11/2018,,
207,111461286,Santa Clara University,NA,https://www.aeaweb.org/joe/listing.php?JOE_ID=2018-02_111461286,23/11/2018,,
208,111461563,Stockholm University,NA,https://www.aeaweb.org/joe/listing.php?JOE_ID=2018-02_111461563,23/11/2018,,
209,111461139,Tuck School of Business at Dartmouth College,NA,https://www.aeaweb.org/joe/listing.php?JOE_ID=2018-02_111461139,23/11/2018,,
210,111460820,Tuck School of Business at Dartmouth College,NA,https://www.aeaweb.org/joe/listing.php?JOE_ID=2018-02_111460820,23/11/2018,,
211,111461266,U.S. Treasury Department,Health Economics,https://www.aeaweb.org/joe/listing.php?JOE_ID=2018-02_111461266,24/11/2018,,
212,111460773,US Treasury,Financial Economist,https://www.aeaweb.org/joe/listing.php?JOE_ID=2018-02_111460773,24/11/2018,,
213,111461194,Australian National University,NA,https://www.aeaweb.org/joe/listing.php?JOE_ID=2018-02_111461194,25/11/2018,,
214,111460831,"California State University, East Bay",NA,https://www.aeaweb.org/joe/listing.php?JOE_ID=2018-02_111460831,25/11/2018,,
215,111460719,Catholic University of Rio de Janeiro (PUC-Rio),NA,https://www.aeaweb.org/joe/listing.php?JOE_ID=2018-02_111460719,25/11/2018,,
216,111461298,Deutsche Bundesbank,"Macroeconomics
Monetary Economics
International Economics
Labour Economics
Financial Economics
Econometrics",https://www.aeaweb.org/joe/listing.php?JOE_ID=2018-02_111461298,25/11/2018,,
217,111460526,Dimensional Fund Advisors,"Asset Pricing
Empirical Finance
Mutual Fund",https://www.aeaweb.org/joe/listing.php?JOE_ID=2018-02_111460526,25/11/2018,,
218,111461171,Federal Reserve Bank of Dallas,NA,https://www.aeaweb.org/joe/listing.php?JOE_ID=2018-02_111461171,25/11/2018,,
219,111460301,Georgia State University,"Macroeconomics, Developing Countries, Quantitative Methods",https://www.aeaweb.org/joe/listing.php?JOE_ID=2018-02_111460301,25/11/2018,,
220,111460581,Getulio Vargas Foundation,NA,https://www.aeaweb.org/joe/listing.php?JOE_ID=2018-02_111460581,25/11/2018,,
221,111460615,Johns Hopkins University,"Areas of inequality, health, and cities",https://www.aeaweb.org/joe/listing.php?JOE_ID=2018-02_111460615,25/11/2018,,
222,111460535,Lund University,"Assistant Professor
Economics
Finance
Tenure Track
Sweden",https://www.aeaweb.org/joe/listing.php?JOE_ID=2018-02_111460535,25/11/2018,,
223,111460491,NERA Economic Consulting,NA,https://www.aeaweb.org/joe/listing.php?JOE_ID=2018-02_111460491,25/11/2018,,
224,111461569,Norges Bank (Central Bank of Norway),"Macroeconomics, monetary economics, macrofinance",https://www.aeaweb.org/joe/listing.php?JOE_ID=2018-02_111461569,25/11/2018,,
225,111460769,Pontificia Universidad Cat<U+00F3>lica de Chile,"Economics
Assistant Professor
Pontificia Universidad Cat<U+00F3>lica de Chile",https://www.aeaweb.org/joe/listing.php?JOE_ID=2018-02_111460769,25/11/2018,,
226,111461173,Rensselaer Polytechnic Institute,"Applied Microeconomics
Applied Econometrics
Behavioral Economics
Economics of Innovation and Technology
Energy Economics
International Economics
Health Economics",https://www.aeaweb.org/joe/listing.php?JOE_ID=2018-02_111461173,25/11/2018,,
227,111461440,The University of Sydney,"Head of School, School of Economics",https://www.aeaweb.org/joe/listing.php?JOE_ID=2018-02_111461440,25/11/2018,,
228,111460995,Universidad de Chile,NA,https://www.aeaweb.org/joe/listing.php?JOE_ID=2018-02_111460995,25/11/2018,,
229,111461566,Universidad<U+00A0>Carlos<U+00A0>III<U+00A0>de<U+00A0>Madrid,Finance,https://www.aeaweb.org/joe/listing.php?JOE_ID=2018-02_111461566,25/11/2018,,
230,111461217,"University of California, Los Angeles",NA,https://www.aeaweb.org/joe/listing.php?JOE_ID=2018-02_111461217,25/11/2018,,
231,111461393,University of Southern Denmark,Finance,https://www.aeaweb.org/joe/listing.php?JOE_ID=2018-02_111461393,25/11/2018,,
232,111460893,University of Virginia,"Applied Microeconomics
Applications of Econometric Methods
International Trade and Finance
Labor and Demographic Economics 
Growth and Development",https://www.aeaweb.org/joe/listing.php?JOE_ID=2018-02_111460893,25/11/2018,,
233,111461365,Uppsala University,NA,https://www.aeaweb.org/joe/listing.php?JOE_ID=2018-02_111461365,25/11/2018,,
234,111461352,Binghamton University,Applied Microeconomics,https://www.aeaweb.org/joe/listing.php?JOE_ID=2018-02_111461352,26/11/2018,,
235,111460796,Boston University,NA,https://www.aeaweb.org/joe/listing.php?JOE_ID=2018-02_111460796,26/11/2018,,
236,111460909,Centre de Recerca en Economia Internacional (CREI),"Macroeconomics
International Economics
Monetary Economics
Financial Economics
Growth
Development
International Trade
Economic Geography
Political Economy",https://www.aeaweb.org/joe/listing.php?JOE_ID=2018-02_111460909,26/11/2018,,
237,111460489,Charles River Associates,NA,https://www.aeaweb.org/joe/listing.php?JOE_ID=2018-02_111460489,26/11/2018,,
238,111461181,Federal Reserve Bank of Cleveland,NA,https://www.aeaweb.org/joe/listing.php?JOE_ID=2018-02_111461181,26/11/2018,,
239,111461179,Federal Reserve Bank of Cleveland,NA,https://www.aeaweb.org/joe/listing.php?JOE_ID=2018-02_111461179,26/11/2018,,
240,111461077,Harvard University,"Assistant
Associate
Faculty
Instructor
Tenure Track",https://www.aeaweb.org/joe/listing.php?JOE_ID=2018-02_111461077,26/11/2018,,
241,111461190,Instituto Tecnol<U+00F3>gico Aut<U+00F3>nomo de M<U+00E9>xico (ITAM),"Any Field
Assistant/Associate/Full professor
CIE/ITAM",https://www.aeaweb.org/joe/listing.php?JOE_ID=2018-02_111461190,26/11/2018,,
242,111461481,Inter-American Development Bank,Economics - Research,https://www.aeaweb.org/joe/listing.php?JOE_ID=2018-02_111461481,26/11/2018,,
243,111460968,Keystone Strategy,"Economist
Machine Learning
Big Data
Consulting
Economic Consulting
Strategy
Management Consulting
Technology
Digital Transformation
AI/ML
Blockchain",https://www.aeaweb.org/joe/listing.php?JOE_ID=2018-02_111460968,26/11/2018,,
244,111461435,"Royal Holloway, University of London",Economics,https://www.aeaweb.org/joe/listing.php?JOE_ID=2018-02_111461435,26/11/2018,,
245,111461488,"University of California, San Diego","Economics
",https://www.aeaweb.org/joe/listing.php?JOE_ID=2018-02_111461488,26/11/2018,,
246,111461175,University of East Anglia,"Economics
Big data
Finance
Environmental
Development
Macroeconomics",https://www.aeaweb.org/joe/listing.php?JOE_ID=2018-02_111461175,26/11/2018,,
247,111461545,University of Georgia,"agricultural economics
agribusiness
natural resources management
environmental conservation
water resource economics and management",https://www.aeaweb.org/joe/listing.php?JOE_ID=2018-02_111461545,26/11/2018,,
248,111461610,University of Maryland,"Environmental Economics
Agricultural Economics
Any Field",https://www.aeaweb.org/joe/listing.php?JOE_ID=2018-02_111461610,26/11/2018,,
249,111460956,University of Toronto Mississauga,"Finance
Finance Economics",https://www.aeaweb.org/joe/listing.php?JOE_ID=2018-02_111460956,26/11/2018,,
250,111461343,Wilfrid Laurier University,"microeconomics, macroeconomics, and econometrics",https://www.aeaweb.org/joe/listing.php?JOE_ID=2018-02_111461343,26/11/2018,,
251,111461340,Wilfrid Laurier University,macroeconomics,https://www.aeaweb.org/joe/listing.php?JOE_ID=2018-02_111461340,26/11/2018,,
252,111461339,Yale School of Management,Finance,https://www.aeaweb.org/joe/listing.php?JOE_ID=2018-02_111461339,26/11/2018,,
253,111460637,Carleton College,"Macroeconomics
Macro
Asian
International
Latin American
European
African Studies
",https://www.aeaweb.org/joe/listing.php?JOE_ID=2018-02_111460637,27/11/2018,,
254,111461041,University of Surrey,Any Field,https://www.aeaweb.org/joe/listing.php?JOE_ID=2018-02_111461041,27/11/2018,,
255,111461316,North Carolina State University,"Macroeconomics, Monetary Economics",https://www.aeaweb.org/joe/listing.php?JOE_ID=2018-02_111461316,28/11/2018,,
256,111461318,North Carolina State University,Econometrics,https://www.aeaweb.org/joe/listing.php?JOE_ID=2018-02_111461318,28/11/2018,,
257,111460537,American Enterprise Institute,NA,https://www.aeaweb.org/joe/listing.php?JOE_ID=2018-02_111460537,30/11/2018,,
258,111460973,"Analysis Group, Inc.",NA,https://www.aeaweb.org/joe/listing.php?JOE_ID=2018-02_111460973,30/11/2018,,
259,111460483,Bank for International Settlements,"Banking
Macroeconomics
",https://www.aeaweb.org/joe/listing.php?JOE_ID=2018-02_111460483,30/11/2018,,
260,111460922,Bard College,NA,https://www.aeaweb.org/joe/listing.php?JOE_ID=2018-02_111460922,30/11/2018,,
261,111461528,Bocconi University,"Finance
Bocconi University, Milan",https://www.aeaweb.org/joe/listing.php?JOE_ID=2018-02_111461528,30/11/2018,,
262,111460626,Boston College,"Labor Economics
Applied Microeconomics
Macroeconomics",https://www.aeaweb.org/joe/listing.php?JOE_ID=2018-02_111460626,30/11/2018,,
263,111461582,Bureau of Consumer Financial Protection,"Research
Federal Government
Consumer Protection
Consumer Decision-Making",https://www.aeaweb.org/joe/listing.php?JOE_ID=2018-02_111461582,30/11/2018,,
264,111460885,Carnegie Mellon University,"Future of work, skill-biased technological change, innovation, inequality, organizational change",https://www.aeaweb.org/joe/listing.php?JOE_ID=2018-02_111460885,30/11/2018,,
265,111460708,CERGE-EI,NA,https://www.aeaweb.org/joe/listing.php?JOE_ID=2018-02_111460708,30/11/2018,,
266,111461231,Columbia University,Macroeconomics,https://www.aeaweb.org/joe/listing.php?JOE_ID=2018-02_111461231,30/11/2018,,
267,111461232,Columbia University,Microeconomics,https://www.aeaweb.org/joe/listing.php?JOE_ID=2018-02_111461232,30/11/2018,,
268,111461228,Columbia University,NA,https://www.aeaweb.org/joe/listing.php?JOE_ID=2018-02_111461228,30/11/2018,,
269,111460901,Columbia University Mailman School of Public Health,Healthcare Management,https://www.aeaweb.org/joe/listing.php?JOE_ID=2018-02_111460901,30/11/2018,,
270,111461242,Copenhagen Business School,Finance,https://www.aeaweb.org/joe/listing.php?JOE_ID=2018-02_111461242,30/11/2018,,
271,111460539,Cornell University,NA,https://www.aeaweb.org/joe/listing.php?JOE_ID=2018-02_111460539,30/11/2018,,
272,111460401,Dartmouth College,Dartmouth College,https://www.aeaweb.org/joe/listing.php?JOE_ID=2018-02_111460401,30/11/2018,,
273,111460871,Deakin University,Econometrics,https://www.aeaweb.org/joe/listing.php?JOE_ID=2018-02_111460871,30/11/2018,,
274,111461182,Duke University,NA,https://www.aeaweb.org/joe/listing.php?JOE_ID=2018-02_111461182,30/11/2018,,
275,111460388,Duke University,"healthcare, healthcare management, health insurance, hospitals
",https://www.aeaweb.org/joe/listing.php?JOE_ID=2018-02_111460388,30/11/2018,,
276,111460387,Duke University,"strategy, innovation, entrepreneurship",https://www.aeaweb.org/joe/listing.php?JOE_ID=2018-02_111460387,30/11/2018,,
277,111460990,El Colegio de M<U+00E9>xico,"Macroeconomics
Industrial Organization",https://www.aeaweb.org/joe/listing.php?JOE_ID=2018-02_111460990,30/11/2018,,
278,111460288,Graduate School of Business - Stanford University,"Finance
Stanford Graduate School of Business",https://www.aeaweb.org/joe/listing.php?JOE_ID=2018-02_111460288,30/11/2018,,
279,111461547,Instituto Tecnologico Aut<U+00F3>nomo de Mexico (ITAM),"Finance 
Financial Economics",https://www.aeaweb.org/joe/listing.php?JOE_ID=2018-02_111461547,30/11/2018,,
280,111461374,Mathematica Policy Research,"International
Development
Economics
Policy
",https://www.aeaweb.org/joe/listing.php?JOE_ID=2018-02_111461374,30/11/2018,,
281,111460731,New York University,"Finance
Economics",https://www.aeaweb.org/joe/listing.php?JOE_ID=2018-02_111460731,30/11/2018,,
282,111461255,Pomona College,Behavioral Economics,https://www.aeaweb.org/joe/listing.php?JOE_ID=2018-02_111461255,30/11/2018,,
283,111461494,Ryerson University,One position in Microeconomics or Econometrics.  Second position in Macroeconomics or Financial Economics,https://www.aeaweb.org/joe/listing.php?JOE_ID=2018-02_111461494,30/11/2018,,
284,111461086,Stanford Graduate School of Business,"Economics
",https://www.aeaweb.org/joe/listing.php?JOE_ID=2018-02_111461086,30/11/2018,,
285,111460547,Stanford Graduate School of Business,NA,https://www.aeaweb.org/joe/listing.php?JOE_ID=2018-02_111460547,30/11/2018,,
286,111461436,The University of Sydney,"Economics
Australia
Sydney
All Fields
Full-Time",https://www.aeaweb.org/joe/listing.php?JOE_ID=2018-02_111461436,30/11/2018,,
287,111461391,University College London,Financial Economics,https://www.aeaweb.org/joe/listing.php?JOE_ID=2018-02_111461391,30/11/2018,,
288,111461388,University of Alaska,"Public Policy
Public Administration
Economics 
Business Administration",https://www.aeaweb.org/joe/listing.php?JOE_ID=2018-02_111461388,30/11/2018,,
289,111461366,University of Copenhagen,NA,https://www.aeaweb.org/joe/listing.php?JOE_ID=2018-02_111461366,30/11/2018,,
290,111461367,University of Copenhagen,Finance,https://www.aeaweb.org/joe/listing.php?JOE_ID=2018-02_111461367,30/11/2018,,
291,111461576,University of Denver,"Heterodox Economics
Economics of Technology
Public Policy towards Industry and Technology",https://www.aeaweb.org/joe/listing.php?JOE_ID=2018-02_111461576,30/11/2018,,
292,111461577,University of Denver,"Heterodox Economics
General Economics",https://www.aeaweb.org/joe/listing.php?JOE_ID=2018-02_111461577,30/11/2018,,
293,111460905,University of Hawaii at Hilo,NA,https://www.aeaweb.org/joe/listing.php?JOE_ID=2018-02_111460905,30/11/2018,,
294,111461166,University of West Georgia,"Data Analytics
Applied Econometrics
Statistics",https://www.aeaweb.org/joe/listing.php?JOE_ID=2018-02_111461166,30/11/2018,,
295,111460895,University of Wisconsin,"Economic Development
Public Finance",https://www.aeaweb.org/joe/listing.php?JOE_ID=2018-02_111460895,30/11/2018,,
296,111460575,UNSW Sydney,Any Field,https://www.aeaweb.org/joe/listing.php?JOE_ID=2018-02_111460575,30/11/2018,,
297,111460722,Welch Consulting,"Empirical Microeconomics
Labor Economics
Econometrics",https://www.aeaweb.org/joe/listing.php?JOE_ID=2018-02_111460722,30/11/2018,,
298,111461323,York University,"Economics
Microeconomics
Macroeconomics",https://www.aeaweb.org/joe/listing.php?JOE_ID=2018-02_111461323,30/11/2018,,
299,111461322,York University,"Economics
Macroeconomics",https://www.aeaweb.org/joe/listing.php?JOE_ID=2018-02_111461322,30/11/2018,,
300,111461199,Bank Policy Institute,NA,https://www.aeaweb.org/joe/listing.php?JOE_ID=2018-02_111461199,01/12/2018,,
301,111460618,Bureau of Economic Analysis,"Mathematical, Quantitative, Methods, Macroeconomics, Monetary, Economics, Financial, Markets, Health, Industrial, Organization, Structure, Growth, Fluctuations, Manufacturing, Construction, Innovation, Research, Development, Technological, Change, Intellectual, Property, Rights, Aggregate, Productivity, Environment, Labor, Demographic, History, Development, Innovation, Technological, Change, Ecological",https://www.aeaweb.org/joe/listing.php?JOE_ID=2018-02_111460618,01/12/2018,,
302,111460962,Concordia University,"Financial Economics, Industrial Organization or International Economics",https://www.aeaweb.org/joe/listing.php?JOE_ID=2018-02_111460962,01/12/2018,,
303,111461094,Drexel University,International Trade,https://www.aeaweb.org/joe/listing.php?JOE_ID=2018-02_111461094,01/12/2018,,
304,111461479,Eastern Connecticut State University,Macroeconomics,https://www.aeaweb.org/joe/listing.php?JOE_ID=2018-02_111461479,01/12/2018,,
305,111460628,Federal Reserve Bank of Kansas City,NA,https://www.aeaweb.org/joe/listing.php?JOE_ID=2018-02_111460628,01/12/2018,,
306,111460627,Federal Reserve Bank of Kansas City,NA,https://www.aeaweb.org/joe/listing.php?JOE_ID=2018-02_111460627,01/12/2018,,
307,111460629,Federal Reserve Bank of Kansas City,NA,https://www.aeaweb.org/joe/listing.php?JOE_ID=2018-02_111460629,01/12/2018,,
308,111460853,Florida State University,Experimental Economics,https://www.aeaweb.org/joe/listing.php?JOE_ID=2018-02_111460853,01/12/2018,,
309,111460521,Food and Drug Administration,"Federal Government Economist
Health Economics
Cost-benefit analysis",https://www.aeaweb.org/joe/listing.php?JOE_ID=2018-02_111460521,01/12/2018,,
310,111460882,Insper - Instituto de Ensino e Pesquisa,"Economics
Finance
application
Assistant, Associate and Full Professor Position",https://www.aeaweb.org/joe/listing.php?JOE_ID=2018-02_111460882,01/12/2018,,
311,111461520,James Madison University,"Environmental Economics, Economic History, International Economics, Quantitative Economics",https://www.aeaweb.org/joe/listing.php?JOE_ID=2018-02_111461520,01/12/2018,,
312,111460855,JPMorgan Chase & Co.,"Applied Econometrics
Statistics
Data Science
Finance",https://www.aeaweb.org/joe/listing.php?JOE_ID=2018-02_111460855,01/12/2018,,
313,111461176,Lewin Group,"Economics, PhD, Medicare, Medicaid, healthcare, microeconomics, econometrics, labor, program evaluation",https://www.aeaweb.org/joe/listing.php?JOE_ID=2018-02_111461176,01/12/2018,,
314,111461187,Lewin Group,"PhD, Economist, Econometrics, Healthcare, Public Policy, Labor, Quantitative, Qualitative, Studies",https://www.aeaweb.org/joe/listing.php?JOE_ID=2018-02_111461187,01/12/2018,,
315,111460981,Louisiana State University,"Macroeconomics
Monetary Economics
Open Economy Macroeconomics",https://www.aeaweb.org/joe/listing.php?JOE_ID=2018-02_111460981,01/12/2018,,
316,111461387,New York University Arts and Science,NA,https://www.aeaweb.org/joe/listing.php?JOE_ID=2018-02_111461387,01/12/2018,,
317,111461378,Niagara University,Empirical Macroeconomics/Labor Economics,https://www.aeaweb.org/joe/listing.php?JOE_ID=2018-02_111461378,01/12/2018,,
318,111460873,Pepperdine Graziadio Business School,Economics,https://www.aeaweb.org/joe/listing.php?JOE_ID=2018-02_111460873,01/12/2018,,
319,111461048,Pontificia Universidad Cat<U+00F3>lica de Chile,"Strategy
Industrial Organization
Finance
Quantitative Marketing
Applied Microeconomics
Microeconomic Theory",https://www.aeaweb.org/joe/listing.php?JOE_ID=2018-02_111461048,01/12/2018,,
320,111460593,Pontificia Universidad Javeriana,NA,https://www.aeaweb.org/joe/listing.php?JOE_ID=2018-02_111460593,01/12/2018,,
321,111460608,Princeton University,Any Field,https://www.aeaweb.org/joe/listing.php?JOE_ID=2018-02_111460608,01/12/2018,,
322,111460591,Rice University,NA,https://www.aeaweb.org/joe/listing.php?JOE_ID=2018-02_111460591,01/12/2018,,
323,111460565,Simon Fraser University,Econometrics,https://www.aeaweb.org/joe/listing.php?JOE_ID=2018-02_111460565,01/12/2018,,
324,111461397,St. Lawrence University,"Applied Monetary Economics, Tenure Track, Assistant Professor, Monetary Economics",https://www.aeaweb.org/joe/listing.php?JOE_ID=2018-02_111461397,01/12/2018,,
325,111460636,Stanford University,"Assistant Professor
Stanford University
Tenure
All Fields
Lateral Appointments",https://www.aeaweb.org/joe/listing.php?JOE_ID=2018-02_111460636,01/12/2018,,
326,111460814,Sveriges Riksbank (Swedish Central Bank),"Monetary economics
Open economy macroeconomics
Financial stability
Financial markets
Banking",https://www.aeaweb.org/joe/listing.php?JOE_ID=2018-02_111460814,01/12/2018,,
327,111460991,Texas Tech University,"Macroeconomics, International Macro, Development Macro.",https://www.aeaweb.org/joe/listing.php?JOE_ID=2018-02_111460991,01/12/2018,,
328,111461548,U.S. Treasury Department,Macroeconomics,https://www.aeaweb.org/joe/listing.php?JOE_ID=2018-02_111461548,01/12/2018,,
329,111461546,U.S. Treasury Department,Microeconomics Analysis,https://www.aeaweb.org/joe/listing.php?JOE_ID=2018-02_111461546,01/12/2018,,
330,111461240,Union College,"Macroeconomics, Open Economy Macroeconomics, International Finance.",https://www.aeaweb.org/joe/listing.php?JOE_ID=2018-02_111461240,01/12/2018,,
331,111461447,Universit<U+00E9> Laval,Applied Economics,https://www.aeaweb.org/joe/listing.php?JOE_ID=2018-02_111461447,01/12/2018,,
332,111461572,"University at Buffalo, The State University at New York","Microeconomics
Microeconomist
Assistant Professor
Tenure-Track",https://www.aeaweb.org/joe/listing.php?JOE_ID=2018-02_111461572,01/12/2018,,
333,111461063,University of Michigan,NA,https://www.aeaweb.org/joe/listing.php?JOE_ID=2018-02_111461063,01/12/2018,,
334,111461025,University of Michigan,NA,https://www.aeaweb.org/joe/listing.php?JOE_ID=2018-02_111461025,01/12/2018,,
335,111461464,"University of Nevada, Las Vegas",NA,https://www.aeaweb.org/joe/listing.php?JOE_ID=2018-02_111461464,01/12/2018,,
336,111460776,University of Pennsylvania,NA,https://www.aeaweb.org/joe/listing.php?JOE_ID=2018-02_111460776,01/12/2018,,
337,111461103,University of Texas at Austin,NA,https://www.aeaweb.org/joe/listing.php?JOE_ID=2018-02_111461103,01/12/2018,,
338,111460815,Vanderbilt University,"Vanderbilt
Any Field Economics",https://www.aeaweb.org/joe/listing.php?JOE_ID=2018-02_111460815,01/12/2018,,
339,111461384,Virginia Commonwealth University,Experimental Economics,https://www.aeaweb.org/joe/listing.php?JOE_ID=2018-02_111461384,01/12/2018,,
340,111461489,Yale School of Management,Marketing (Quantitative),https://www.aeaweb.org/joe/listing.php?JOE_ID=2018-02_111461489,01/12/2018,,
341,111460877,JPMorgan Chase & Co,"Applied Econometrics
Statistics
Data Science 
Finance

",https://www.aeaweb.org/joe/listing.php?JOE_ID=2018-02_111460877,02/12/2018,,
342,111460583,Universidad del Rosario,Any field of economics,https://www.aeaweb.org/joe/listing.php?JOE_ID=2018-02_111460583,02/12/2018,,
343,111461213,University of Wisconsin - Whitewater,NA,https://www.aeaweb.org/joe/listing.php?JOE_ID=2018-02_111461213,02/12/2018,,
344,111460713,"California Polytechnic University, Pomona","Macroeconomics
",https://www.aeaweb.org/joe/listing.php?JOE_ID=2018-02_111460713,03/12/2018,,
345,111461043,Digonex Inc,"Pricing
Dynamic Pricing
Demand estimation
Econometrics
Demand modeling
Revenue Management
",https://www.aeaweb.org/joe/listing.php?JOE_ID=2018-02_111461043,03/12/2018,,
346,111461191,Sao Paulo School of Economics,NA,https://www.aeaweb.org/joe/listing.php?JOE_ID=2018-02_111461191,03/12/2018,,
347,111460898,The Brattle Group,"econometrics
industrial organization
competition
tax
accounting
finance
economic consulting
valuation 
mergers and acquisitions",https://www.aeaweb.org/joe/listing.php?JOE_ID=2018-02_111460898,03/12/2018,,
348,111461342,Tilburg University,Econometrics,https://www.aeaweb.org/joe/listing.php?JOE_ID=2018-02_111461342,03/12/2018,,
349,111461151,Uber,"Applied Microeconomics
Data Science
Econometrics
Labor Economics
Urban Economics
Market Design",https://www.aeaweb.org/joe/listing.php?JOE_ID=2018-02_111461151,03/12/2018,,
350,111461564,Durham University,Finance,https://www.aeaweb.org/joe/listing.php?JOE_ID=2018-02_111461564,05/12/2018,,
351,111461278,Universidad EAFIT,"Macroeconomics, econometrics",https://www.aeaweb.org/joe/listing.php?JOE_ID=2018-02_111461278,07/12/2018,,
352,111461279,Universidad EAFIT,Director of Research Center,https://www.aeaweb.org/joe/listing.php?JOE_ID=2018-02_111461279,07/12/2018,,
353,111460368,"University of Pennsylvania, The Wharton School","Industrial Organization
International Economics
Public Finance
Labor and Demographic Economics
Law and Economics
Behavioral Economics
Labor Economics
Financial Economics
",https://www.aeaweb.org/joe/listing.php?JOE_ID=2018-02_111460368,07/12/2018,,
354,111460854,Kansas State University,"Labor
Econometrics",https://www.aeaweb.org/joe/listing.php?JOE_ID=2018-02_111460854,08/12/2018,,
355,111461523,CIDE,"Agricultural and Natural Resource Economics; Environmental and Ecological Economics (Q), Urban, Rural, Regional, Real Estate, and Transportation Economics (R), Mathematical and Quantitative Methods (C), Microeconomics (D)",https://www.aeaweb.org/joe/listing.php?JOE_ID=2018-02_111461523,09/12/2018,,
356,111461497,CIDE,Macroeconomics,https://www.aeaweb.org/joe/listing.php?JOE_ID=2018-02_111461497,09/12/2018,,
357,111461246,Federal Reserve Bank of St. Louis,NA,https://www.aeaweb.org/joe/listing.php?JOE_ID=2018-02_111461246,09/12/2018,,
358,111461206,PricewaterhouseCoopers LLP,Transfer Pricing,https://www.aeaweb.org/joe/listing.php?JOE_ID=2018-02_111461206,10/12/2018,,
359,111460753,University of Illinois at Chicago,NA,https://www.aeaweb.org/joe/listing.php?JOE_ID=2018-02_111460753,10/12/2018,,
360,111460486,University of Pennsylvania,"Corporate Finance, Investments, Macro Economics, Finance,Financial",https://www.aeaweb.org/joe/listing.php?JOE_ID=2018-02_111460486,12/12/2018,,
361,111460566,Federal Deposit Insurance Corporation,"Financial Economists
Research
Risk Analysis
Economics
Banking
Finance",https://www.aeaweb.org/joe/listing.php?JOE_ID=2018-02_111460566,14/12/2018,,
362,111461487,Federal Reserve System,"Economics
Financial Engineering
Financial Mathematics",https://www.aeaweb.org/joe/listing.php?JOE_ID=2018-02_111461487,14/12/2018,,
363,111461346,U.S. Department of Justice,NA,https://www.aeaweb.org/joe/listing.php?JOE_ID=2018-02_111461346,14/12/2018,,
364,111461329,University of Chicago,NA,https://www.aeaweb.org/joe/listing.php?JOE_ID=2018-02_111461329,14/12/2018,,
365,111460601,USDA/Economic Research Service,Applied economics,https://www.aeaweb.org/joe/listing.php?JOE_ID=2018-02_111460601,14/12/2018,,
366,111460661,"Deloitte Tax, Transfer Pricing",Transfer Pricing,https://www.aeaweb.org/joe/listing.php?JOE_ID=2018-02_111460661,15/12/2018,,
367,111461643,Federal Reserve Bank of Philadelphia,Financial Economist,https://www.aeaweb.org/joe/listing.php?JOE_ID=2018-02_111461643,15/12/2018,,
368,111461522,Jacksonville University,Economics,https://www.aeaweb.org/joe/listing.php?JOE_ID=2018-02_111461522,15/12/2018,,
369,111461074,University of South Florida,Macroeconomics,https://www.aeaweb.org/joe/listing.php?JOE_ID=2018-02_111461074,15/12/2018,,
370,111461005,Bentley University,"Development Economics
Economic Growth
Macroeconomics
Health Economics",https://www.aeaweb.org/joe/listing.php?JOE_ID=2018-02_111461005,18/12/2018,,
371,111460847,Institute for Defense Analyses (IDA),"non-academic, full-time, research",https://www.aeaweb.org/joe/listing.php?JOE_ID=2018-02_111460847,19/12/2018,,
372,111460999,Congressional Budget Office,"Health Economics, Modeler, Applied Microeconomics, Labor Economics, Tax Economics, Financial Modeler, Public Finance, Immigration, Market Design",https://www.aeaweb.org/joe/listing.php?JOE_ID=2018-02_111460999,21/12/2018,,
373,111461493,Spelman College,NA,https://www.aeaweb.org/joe/listing.php?JOE_ID=2018-02_111461493,21/12/2018,,
374,111460879,Goldman Sachs,Macro Research,https://www.aeaweb.org/joe/listing.php?JOE_ID=2018-02_111460879,31/12/2018,,
375,111461454,McGill University,NA,https://www.aeaweb.org/joe/listing.php?JOE_ID=2018-02_111461454,31/12/2018,,
376,111460266,"University of Pennsylvania, The Wharton School","Real Estate, Applied Economics, Finance",https://www.aeaweb.org/joe/listing.php?JOE_ID=2018-02_111460266,31/12/2018,,
377,111460666,Chapman University,Financial Economics,https://www.aeaweb.org/joe/listing.php?JOE_ID=2018-02_111460666,01/01/2019,,
378,111461030,Gettysburg College,"Mathematical Economics 
Econometrics",https://www.aeaweb.org/joe/listing.php?JOE_ID=2018-02_111461030,01/01/2019,,
379,111460933,"University of California, Los Angeles",Any Field,https://www.aeaweb.org/joe/listing.php?JOE_ID=2018-02_111460933,01/01/2019,,
380,111461051,University of Illinois at Chicago,Applied Macroeconomics,https://www.aeaweb.org/joe/listing.php?JOE_ID=2018-02_111461051,02/01/2019,,
381,111461101,Chatham University,Economics Faculty,https://www.aeaweb.org/joe/listing.php?JOE_ID=2018-02_111461101,04/01/2019,,
382,111460696,University of Minnesota - Twin Cities,"Tenure-Track
Any Field",https://www.aeaweb.org/joe/listing.php?JOE_ID=2018-02_111460696,04/01/2019,,
383,111460517,Bocconi University,"Decision Theory
Machine Learning
Statistics",https://www.aeaweb.org/joe/listing.php?JOE_ID=2018-02_111460517,15/01/2019,,
384,111460793,Boston University,"Econometrics 
Theory
Macroeconomics
Empirical Microeconomics",https://www.aeaweb.org/joe/listing.php?JOE_ID=2018-02_111460793,15/01/2019,,
385,111460736,Federal Communications Commission,"Applied Microeconomics
Industrial Organization
Applied Econometrics
",https://www.aeaweb.org/joe/listing.php?JOE_ID=2018-02_111460736,18/01/2019,,
386,111460669,Aarhus University,"Applied Microeconometrics
Environmental Economics
Macroeconomics
Search and Matching",https://www.aeaweb.org/joe/listing.php?JOE_ID=2018-02_111460669,20/01/2019,,
387,111460702,Aarhus University,"Industrial Organization
International Economics",https://www.aeaweb.org/joe/listing.php?JOE_ID=2018-02_111460702,20/01/2019,,
388,111460703,Aarhus University,"Econometrics
Business Analytics
Operations Research
Logistics",https://www.aeaweb.org/joe/listing.php?JOE_ID=2018-02_111460703,20/01/2019,,
389,111460704,Aarhus University,"Finance
Accounting",https://www.aeaweb.org/joe/listing.php?JOE_ID=2018-02_111460704,20/01/2019,,
390,111461541,Centers for Disease Control and Prevention (CDC),"Economist
Health Economics
Decision Science
Industrial Engineering
Modeling
Public Health
Population Health 
CDC
Prevention Effectiveness Fellow
Public Policy
Doctoral degree
Health services research
Cost Effectiveness Analysis
Decision Analysis
Cost Analysis",https://www.aeaweb.org/joe/listing.php?JOE_ID=2018-02_111461541,25/01/2019,,
391,111461324,"Acumen, LLC","Health Economics
Public Policy",https://www.aeaweb.org/joe/listing.php?JOE_ID=2018-02_111461324,31/01/2019,,
392,111461281,Advanced Analytical Consulting Group,"Antitrust
Healthcare
Labor, Employment, Discrimination and Statistics
Patent Infringement & Intellectual Property
Telecommunications
Retirement, Pensions and Annuities
",https://www.aeaweb.org/joe/listing.php?JOE_ID=2018-02_111461281,31/01/2019,,
393,111460335,Afiniti,"Applied Microeconomics
Optimization
Econometrics
Machine Learning
Operations Research",https://www.aeaweb.org/joe/listing.php?JOE_ID=2018-02_111460335,31/01/2019,,
394,111460340,"Air-Conditioning, Heating, and Refrigeration Institute (AHRI)","Ensure Compliance
Technical
",https://www.aeaweb.org/joe/listing.php?JOE_ID=2018-02_111460340,31/01/2019,,
395,111461250,AQR Capital Management,NA,https://www.aeaweb.org/joe/listing.php?JOE_ID=2018-02_111461250,31/01/2019,,
396,111461575,Baker & McKenzie LLP,"Economist
Analyst
Consulting",https://www.aeaweb.org/joe/listing.php?JOE_ID=2018-02_111461575,31/01/2019,,
397,111461116,Banco de M<U+00E9>xico,"Macroeconomics and Monetary Economics, International Economics and Finance, Financial Economics, Public Economics, Industrial Organization, Law and Economics, Labor Economics, Econometrics, Mathematical and Quantitative Methods, Microeconomics.",https://www.aeaweb.org/joe/listing.php?JOE_ID=2018-02_111461116,31/01/2019,,
398,111460707,Bank of Canada,"macroeconomics and monetary economics
banking and payment systems
digital economy	
international economics
global commodity markets
financial economics
financial markets and institutions 
labour and demographic economics 
mathematical and quantitative methods 
industrial organization
law and economics",https://www.aeaweb.org/joe/listing.php?JOE_ID=2018-02_111460707,31/01/2019,,
399,111461211,Canisius College,Economics,https://www.aeaweb.org/joe/listing.php?JOE_ID=2018-02_111461211,31/01/2019,,
400,111460857,Capital One,NA,https://www.aeaweb.org/joe/listing.php?JOE_ID=2018-02_111460857,31/01/2019,,
401,111460249,Citi,"Econometrics, Macroeconomics, Statistics, Economics, Modeling, Credit Risk, CCAR, CECL, LLR",https://www.aeaweb.org/joe/listing.php?JOE_ID=2018-02_111460249,31/01/2019,,
402,111461380,CNA,NA,https://www.aeaweb.org/joe/listing.php?JOE_ID=2018-02_111461380,31/01/2019,,
403,111461112,Columbia University,Applied Analytics,https://www.aeaweb.org/joe/listing.php?JOE_ID=2018-02_111461112,31/01/2019,,
404,111460735,Cornell University,NA,https://www.aeaweb.org/joe/listing.php?JOE_ID=2018-02_111460735,31/01/2019,,
405,111460870,Cornerstone Research,NA,https://www.aeaweb.org/joe/listing.php?JOE_ID=2018-02_111460870,31/01/2019,,
406,111460872,Cornerstone Research,NA,https://www.aeaweb.org/joe/listing.php?JOE_ID=2018-02_111460872,31/01/2019,,
407,111460414,"Economatrix Research Associates, Inc.","Forensic Economics
Litigation Economics",https://www.aeaweb.org/joe/listing.php?JOE_ID=2018-02_111460414,31/01/2019,,
408,111460989,Edgeworth Economics,Economic Consulting,https://www.aeaweb.org/joe/listing.php?JOE_ID=2018-02_111460989,31/01/2019,,
409,111460988,Edgeworth Economics,Economic Consulting,https://www.aeaweb.org/joe/listing.php?JOE_ID=2018-02_111460988,31/01/2019,,
410,111460960,Federal Housing Finance Agency,"Housing
Mortgage
Econometrics
Government
Risk
Risk analytics
Policy
Survey methods
Sampling methods
Housing finance
Federal Home Loan Banks
Credit risk
Collateral
Policy analysis
Research
Banks
Bank examination
Financial institutions
",https://www.aeaweb.org/joe/listing.php?JOE_ID=2018-02_111460960,31/01/2019,,
411,111460916,Federal Reserve Bank of Boston,"macroeconomics, monetary economics, international macroeconomics",https://www.aeaweb.org/joe/listing.php?JOE_ID=2018-02_111460916,31/01/2019,,
412,111461197,Federal Reserve Bank of Philadelphia,NA,https://www.aeaweb.org/joe/listing.php?JOE_ID=2018-02_111461197,31/01/2019,,
413,111460421,Federal Reserve Bank of Philadelphia,NA,https://www.aeaweb.org/joe/listing.php?JOE_ID=2018-02_111460421,31/01/2019,,
414,111460420,Federal Reserve Bank of Philadelphia,NA,https://www.aeaweb.org/joe/listing.php?JOE_ID=2018-02_111460420,31/01/2019,,
415,111461516,Framingham State University,NA,https://www.aeaweb.org/joe/listing.php?JOE_ID=2018-02_111461516,31/01/2019,,
416,111461169,Georgetown University,NA,https://www.aeaweb.org/joe/listing.php?JOE_ID=2018-02_111461169,31/01/2019,,
417,111461385,GM Financial,NA,https://www.aeaweb.org/joe/listing.php?JOE_ID=2018-02_111461385,31/01/2019,,
418,111460492,NERA Economic Consulting,"Industrial Organization
Applied Econometrics
Applied Microeconomics
Economics",https://www.aeaweb.org/joe/listing.php?JOE_ID=2018-02_111460492,31/01/2019,,
419,111461345,New York University,NA,https://www.aeaweb.org/joe/listing.php?JOE_ID=2018-02_111461345,31/01/2019,,
420,111460546,NYC Department of Finance,Data Analyst,https://www.aeaweb.org/joe/listing.php?JOE_ID=2018-02_111460546,31/01/2019,,
421,111461209,Temple University,NA,https://www.aeaweb.org/joe/listing.php?JOE_ID=2018-02_111461209,31/01/2019,,
422,111461208,Temple University,NA,https://www.aeaweb.org/joe/listing.php?JOE_ID=2018-02_111461208,31/01/2019,,
423,111460645,The London School of Economics & Political Science,"economics
lecturer
associate
assistant",https://www.aeaweb.org/joe/listing.php?JOE_ID=2018-02_111460645,31/01/2019,,
424,111460311,The MITRE Corporation,Sr. Economist - Microeconomics,https://www.aeaweb.org/joe/listing.php?JOE_ID=2018-02_111460311,31/01/2019,,
425,111460322,"The MITRE Corporation, McLean, Virginia",Computable General Equilibrium Modeler,https://www.aeaweb.org/joe/listing.php?JOE_ID=2018-02_111460322,31/01/2019,,
426,111461402,The Vanguard Group,"Financial Economics
 Macroeconomics
 Lifecycle Savings
 Retirement Security
 Applied Behavioral Economics
 Household Finance
 Investment Risk
 Investor Research
 Proprietary Investment Strategies
 Quantitative Modeling",https://www.aeaweb.org/joe/listing.php?JOE_ID=2018-02_111461402,31/01/2019,,
427,111461404,The Vanguard Group,"Financial Economics
Macroeconomics
Lifecycle Savings
Retirement Security
Applied Behavioral Economics
Household Finance
Investment Risk
Investor Research
Proprietary Investment Strategies
Quantitative Modeling",https://www.aeaweb.org/joe/listing.php?JOE_ID=2018-02_111461404,31/01/2019,,
428,111461401,The Vanguard Group,"Financial Economics
Macroeconomics
Lifecycle Savings
Retirement Security
Applied Behavioral Economics
Household Finance
Investment Risk
Investor Research
Proprietary Investment Strategies
Quantitative Modeling",https://www.aeaweb.org/joe/listing.php?JOE_ID=2018-02_111461401,31/01/2019,,
429,111461399,The Vanguard Group,"Financial Economics
 Macroeconomics
 Lifecycle Savings
 Retirement Security
 Applied Behavioral Economics
 Household Finance
 Investment Risk
 Investor Research
 Proprietary Investment Strategies
 Quantitative Modeling",https://www.aeaweb.org/joe/listing.php?JOE_ID=2018-02_111461399,31/01/2019,,
430,111460482,U.S. Census Bureau,"Industrial Organization
 Labor Economics
 International Trade
 Environmental Economics
 Regional and Urban Economics
 Health Economics
 Economics of Household, Education, and Migration
 Big Data",https://www.aeaweb.org/joe/listing.php?JOE_ID=2018-02_111460482,31/01/2019,,
431,111460610,"Universidad de los Andes, Chile","Economics, Finance, Business",https://www.aeaweb.org/joe/listing.php?JOE_ID=2018-02_111460610,31/01/2019,,
432,111460906,University of Arizona,Principles of Economics--Large Lecture,https://www.aeaweb.org/joe/listing.php?JOE_ID=2018-02_111460906,31/01/2019,,
433,111460478,University of Central Florida,"Economics
 Computer Science
 Statistics
 Applied Microeconomics
 Industrial Organization",https://www.aeaweb.org/joe/listing.php?JOE_ID=2018-02_111460478,31/01/2019,,
434,111460143,University of Central Florida,"Economics
Computer Science
Statistics
Econometrics
Applied Microeconomics
Industrial Organization
",https://www.aeaweb.org/joe/listing.php?JOE_ID=2018-02_111460143,31/01/2019,,
435,111460751,University of Chile,Any field,https://www.aeaweb.org/joe/listing.php?JOE_ID=2018-02_111460751,31/01/2019,,
436,111461257,University of Louisiana at Lafayette,"General economics
Energy economics
Economic development",https://www.aeaweb.org/joe/listing.php?JOE_ID=2018-02_111461257,31/01/2019,,
437,111460709,University of Manchester,NA,https://www.aeaweb.org/joe/listing.php?JOE_ID=2018-02_111460709,31/01/2019,,
438,111461607,University of Maryland,"environmental economics
agricultural economics
any field",https://www.aeaweb.org/joe/listing.php?JOE_ID=2018-02_111461607,31/01/2019,,
439,111461495,University of Minnesota,Health Economics,https://www.aeaweb.org/joe/listing.php?JOE_ID=2018-02_111461495,31/01/2019,,
440,111460533,University of Pennsylvania,"Public Policy Economics
OLG Model
Macroeconomics",https://www.aeaweb.org/joe/listing.php?JOE_ID=2018-02_111460533,31/01/2019,,
441,111461113,University of Southern Denmark,NA,https://www.aeaweb.org/joe/listing.php?JOE_ID=2018-02_111461113,31/01/2019,,
442,111460700,University of Texas at El Paso,Macroeconomics,https://www.aeaweb.org/joe/listing.php?JOE_ID=2018-02_111460700,31/01/2019,,
443,111460544,University of Western Ontario,"Econometrics
Financial Economics
Financial Econometrics
Industrial Organization
International Economics
Labor
Macroeconomics",https://www.aeaweb.org/joe/listing.php?JOE_ID=2018-02_111460544,31/01/2019,,
444,111461248,Washington Center for Equitable Growth,"Macroeconomics, Policy, Research",https://www.aeaweb.org/joe/listing.php?JOE_ID=2018-02_111461248,31/01/2019,,
445,111461466,Washington University in St. Louis,"Prescriptive data analytics and machine learning, with an operations/supply chain application focus.",https://www.aeaweb.org/joe/listing.php?JOE_ID=2018-02_111461466,31/01/2019,,
446,111461460,Yale University,"Research
Director
Yale
Policy
Scale
Development
International
Grants
Economics",https://www.aeaweb.org/joe/listing.php?JOE_ID=2018-02_111461460,31/01/2019,,
447,111460829,Council of Economic Advisers,"Senior Economist
Staff Economist
",https://www.aeaweb.org/joe/listing.php?JOE_ID=2018-02_111460829,28/02/2019,,
448,111460774,"University of Maryland, College Park",NA,https://www.aeaweb.org/joe/listing.php?JOE_ID=2018-02_111460774,31/03/2019,,
449,111460779,"University of Maryland, College Park",NA,https://www.aeaweb.org/joe/listing.php?JOE_ID=2018-02_111460779,31/03/2019,,
450,111460376,University of Chicago,NA,https://www.aeaweb.org/joe/listing.php?JOE_ID=2018-02_111460376,30/06/2019,,
451,111460313,Allianz Global Investors,"Factor Investing
Risk Premia
Smart Beta
Quantitative Investing",https://www.aeaweb.org/joe/listing.php?JOE_ID=2018-02_111460313,NA,,
452,111460567,Amazon,"Labor Economics
Education Economics
Public Economics
Health Economics
Pricing
Competition
Auctions
Marketing
Advertising
Contract Design
Game Theory
Finance
Time Series
Forecasting
Econometrics
Experimental Design
Economics
Microeconomics
Applied Economics",https://www.aeaweb.org/joe/listing.php?JOE_ID=2018-02_111460567,NA,,
453,111460298,American University,NA,https://www.aeaweb.org/joe/listing.php?JOE_ID=2018-02_111460298,NA,,
454,111461463,"Ave Maria University, Inc.",Online teaching experience highly valued with ability to teach a range of undergraduate courses in economics.,https://www.aeaweb.org/joe/listing.php?JOE_ID=2018-02_111461463,NA,,
455,111460233,BBVA Compass,"Macroeconomic Trends
Industry Analysis 
Econometrics
Big Data
Behavioral Economics
Banking
Empirical Research
Financial Markets
Regional Economics",https://www.aeaweb.org/joe/listing.php?JOE_ID=2018-02_111460233,NA,,
456,111460630,Boston University School of Public Health,"Health Economics
Applied Econometrics",https://www.aeaweb.org/joe/listing.php?JOE_ID=2018-02_111460630,NA,,
457,111461111,Bowdoin College,"Open Economy Macroeconomics
International Macroeconomics
Asian economies",https://www.aeaweb.org/joe/listing.php?JOE_ID=2018-02_111461111,NA,,
458,111460996,Brandeis University International Business School,NA,https://www.aeaweb.org/joe/listing.php?JOE_ID=2018-02_111460996,NA,,
459,111451163,Bureau of Economic Analysis (BEA),"Mathematical Methods, Quantitative Methods, Econometric Modeling, Data Collection, Estimation Methodology, Production, Organizations, Market Structure, General Aggregative Models, Consumption, Saving, Investment, Prices, Business Fluctuations, Cycles, Measurement, Firm Strategy, Market Performance, Business Economics, Accounting, Economic Growth, Aggregate Productivity

",https://www.aeaweb.org/joe/listing.php?JOE_ID=2018-02_111451163,NA,,
460,111460510,"California State University, Los Angeles","Financial Economics
International Economics
International Finance",https://www.aeaweb.org/joe/listing.php?JOE_ID=2018-02_111460510,NA,,
461,111460513,Centenary College of Louisiana,NA,https://www.aeaweb.org/joe/listing.php?JOE_ID=2018-02_111460513,NA,,
462,111460343,"Christensen Associates Energy Consulting, LLC","Consulting
L94 Electric Utilities
M31 Marketing",https://www.aeaweb.org/joe/listing.php?JOE_ID=2018-02_111460343,NA,,
463,111461117,Colorado State University,"Economic History
History of Economic Thought",https://www.aeaweb.org/joe/listing.php?JOE_ID=2018-02_111461117,NA,,
464,111460408,"Columbia University, School of International and Public Affairs","Economics
India
Public policy",https://www.aeaweb.org/joe/listing.php?JOE_ID=2018-02_111460408,NA,,
465,111461038,Cornell University,NA,https://www.aeaweb.org/joe/listing.php?JOE_ID=2018-02_111461038,NA,,
466,111461092,Cornell University,NA,https://www.aeaweb.org/joe/listing.php?JOE_ID=2018-02_111461092,NA,,
467,111460612,Cornell University,NA,https://www.aeaweb.org/joe/listing.php?JOE_ID=2018-02_111460612,NA,,
468,111460940,Cornell University - ILR School,NA,https://www.aeaweb.org/joe/listing.php?JOE_ID=2018-02_111460940,NA,,
469,111461140,Credit Suisse,US Economics,https://www.aeaweb.org/joe/listing.php?JOE_ID=2018-02_111461140,NA,,
470,111461214,Facebook,"Applied Econometrics
Market Design
Industrial Organization
Economics of Technology",https://www.aeaweb.org/joe/listing.php?JOE_ID=2018-02_111461214,NA,,
471,111460467,"Faculty of Business, Economics and Social Sciences","Assistant Professor
Econometrics
Tenure Track
Research",https://www.aeaweb.org/joe/listing.php?JOE_ID=2018-02_111460467,NA,,
472,111460466,"Faculty of Business, Economics and Social Sciences","Assistant Professor
Empirical Microeconomics
Tenure Track
Organizational/Industrial Economics
Health Economics
Labor Economics
Political Economy",https://www.aeaweb.org/joe/listing.php?JOE_ID=2018-02_111460466,NA,,
473,111461230,Fashion Institute of Technology,NA,https://www.aeaweb.org/joe/listing.php?JOE_ID=2018-02_111461230,NA,,
474,111461067,Financial Services Forum,"Banking
Financial Regulation
Finance
Macroeconomics
Econometrics",https://www.aeaweb.org/joe/listing.php?JOE_ID=2018-02_111461067,NA,,
475,111461462,Florida International University,Finance,https://www.aeaweb.org/joe/listing.php?JOE_ID=2018-02_111461462,NA,,
476,111461314,Fortress Investment Group,"Quantitative Model Developer 
R 
Python 
SQL 
AWS 
Intex 
Polypaths 
Yield Book 
CoreLogic",https://www.aeaweb.org/joe/listing.php?JOE_ID=2018-02_111461314,NA,,
477,111460284,George Mason University,NA,https://www.aeaweb.org/joe/listing.php?JOE_ID=2018-02_111460284,NA,,
478,111460686,"Georgetown University, McCourt School of Public Policy",NA,https://www.aeaweb.org/joe/listing.php?JOE_ID=2018-02_111460686,NA,,
479,111460551,Georgia Southern University,NA,https://www.aeaweb.org/joe/listing.php?JOE_ID=2018-02_111460551,NA,,
480,111460406,Georgia State University,Assistant Professor of Nonprofit Management and Policy,https://www.aeaweb.org/joe/listing.php?JOE_ID=2018-02_111460406,NA,,
481,111460292,ideas42,"Behavioral Economics
Applied Economics
Behavioral Science",https://www.aeaweb.org/joe/listing.php?JOE_ID=2018-02_111460292,NA,,
482,111460532,Intensity Corporation,NA,https://www.aeaweb.org/joe/listing.php?JOE_ID=2018-02_111460532,NA,,
483,111460290,"KeyLogic Systems, Inc.",Energy Economics,https://www.aeaweb.org/joe/listing.php?JOE_ID=2018-02_111460290,NA,,
484,111461570,Mathematica,NA,https://www.aeaweb.org/joe/listing.php?JOE_ID=2018-02_111461570,NA,,
485,111460723,Mercer,"Workforce Analytics
Workforce Strategy
Data Science
Labor Economics
Microeconomics
Econometrics",https://www.aeaweb.org/joe/listing.php?JOE_ID=2018-02_111460723,NA,,
486,111460444,Mount St. Joseph University,Financial Economics,https://www.aeaweb.org/joe/listing.php?JOE_ID=2018-02_111460444,NA,,
487,111460646,North Dakota State University,"Public Finance, Public Choice, Austrian Economics, Taxation, Labor Economics, New Institutional Economics, Econometrics, Finance, All applied fields",https://www.aeaweb.org/joe/listing.php?JOE_ID=2018-02_111460646,NA,,
488,111461258,Our Lady of the Lake University,"Finance, Accounting",https://www.aeaweb.org/joe/listing.php?JOE_ID=2018-02_111461258,NA,,
489,111461624,Oxera Consulting LLP,NA,https://www.aeaweb.org/joe/listing.php?JOE_ID=2018-02_111461624,NA,,
490,111460442,PCAOB,"Economics
Accounting
Auditing
Finance
Risk Analysis
Data Analysis
Securities
Regulatory
Data Analytics
Economic analysis
Leader
Director",https://www.aeaweb.org/joe/listing.php?JOE_ID=2018-02_111460442,NA,,
491,111460602,Pennsylvania State University,NA,https://www.aeaweb.org/joe/listing.php?JOE_ID=2018-02_111460602,NA,,
492,111460721,Progressive Policy Institute,"Competition
Market Analysis",https://www.aeaweb.org/joe/listing.php?JOE_ID=2018-02_111460721,NA,,
493,111461256,Prysm Group,"Market Design
Auctions
Contract Design
Game Theory
Finance
Social Choice Theory
Microeconomics
Applied Economics
Economics of Technology
International finance
Blockchain
Applied theory
Pricing",https://www.aeaweb.org/joe/listing.php?JOE_ID=2018-02_111461256,NA,,
494,111460431,Queens University,Economics - open,https://www.aeaweb.org/joe/listing.php?JOE_ID=2018-02_111460431,NA,,
495,111460432,Queens University,Economics of Social Policy,https://www.aeaweb.org/joe/listing.php?JOE_ID=2018-02_111460432,NA,,
496,111460595,Rollins College,"Economics
Education
Higher Education
Teaching
Professor
Finance
",https://www.aeaweb.org/joe/listing.php?JOE_ID=2018-02_111460595,NA,,
497,111460971,Santa Clara University,"Tenure Track, Finance, Santa Clara University",https://www.aeaweb.org/joe/listing.php?JOE_ID=2018-02_111460971,NA,,
498,111460972,Santa Clara University,"Santa Clara University, Real Estate, Tenure Track",https://www.aeaweb.org/joe/listing.php?JOE_ID=2018-02_111460972,NA,,
499,111461234,St. Norbert College,"Macroeconomics and Monetary Economics
General Financial Markets",https://www.aeaweb.org/joe/listing.php?JOE_ID=2018-02_111461234,NA,,
500,111461274,Syracuse University,NA,https://www.aeaweb.org/joe/listing.php?JOE_ID=2018-02_111461274,NA,,
501,111461137,Syracuse University,NA,https://www.aeaweb.org/joe/listing.php?JOE_ID=2018-02_111461137,NA,,
502,111461044,T-Mobile,"Commercial Strategy, Quantitative Pricing and Business Analytics",https://www.aeaweb.org/joe/listing.php?JOE_ID=2018-02_111461044,NA,,
503,111461136,Tarrant County College District,NA,https://www.aeaweb.org/joe/listing.php?JOE_ID=2018-02_111461136,NA,,
504,111460345,The Bush School of Government and Public Service,NA,https://www.aeaweb.org/joe/listing.php?JOE_ID=2018-02_111460345,NA,,
505,111461574,The University of Texas Rio Grande Valley,"Economics
Tenure Track
Assistant Professor
Business and Entrepreneurship",https://www.aeaweb.org/joe/listing.php?JOE_ID=2018-02_111461574,NA,,
506,111460494,U.S. Department of State,"International Economics
International Trade
International Finance
Development
Money and Banking
Macroeconomics
Environmental Economics",https://www.aeaweb.org/joe/listing.php?JOE_ID=2018-02_111460494,NA,,
507,111460942,University of Arizona,Political Economy,https://www.aeaweb.org/joe/listing.php?JOE_ID=2018-02_111460942,NA,,
508,111461628,"University of California, Berkeley",NA,https://www.aeaweb.org/joe/listing.php?JOE_ID=2018-02_111461628,NA,,
509,111461456,"University of California, Berkeley",NA,https://www.aeaweb.org/joe/listing.php?JOE_ID=2018-02_111461456,NA,,
510,111461088,"University of California, Irvine","Economic Development
Public Economics",https://www.aeaweb.org/joe/listing.php?JOE_ID=2018-02_111461088,NA,,
511,111461040,University of Chicago Urban Labs,"Crime
Education
Self-Directed Research",https://www.aeaweb.org/joe/listing.php?JOE_ID=2018-02_111461040,NA,,
512,111461039,University of Chicago Urban Labs,"Self-directed research
post-doctoral fellow
crime
education",https://www.aeaweb.org/joe/listing.php?JOE_ID=2018-02_111461039,NA,,
513,111460268,University of Chicago Urban Labs,"Education Policy
Criminology
Public Sector Partnerships
",https://www.aeaweb.org/joe/listing.php?JOE_ID=2018-02_111460268,NA,,
514,111461357,University of Chicago Urban Labs,"Crime
Education
Applied Research",https://www.aeaweb.org/joe/listing.php?JOE_ID=2018-02_111461357,NA,,
515,111461513,University of Connecticut,"Finance
Business
Real Estate",https://www.aeaweb.org/joe/listing.php?JOE_ID=2018-02_111461513,NA,,
516,111461330,University of Dallas,Economics,https://www.aeaweb.org/joe/listing.php?JOE_ID=2018-02_111461330,NA,,
517,111461024,University of Liverpool Management School,"Economics
Applied Economics
International Economics",https://www.aeaweb.org/joe/listing.php?JOE_ID=2018-02_111461024,NA,,
518,111460462,University of Massachusetts - Amherst,Economics and Public Policy,https://www.aeaweb.org/joe/listing.php?JOE_ID=2018-02_111460462,NA,,
519,111460289,University of Michigan,NA,https://www.aeaweb.org/joe/listing.php?JOE_ID=2018-02_111460289,NA,,
520,111460750,University of Michigan,NA,https://www.aeaweb.org/joe/listing.php?JOE_ID=2018-02_111460750,NA,,
521,111460959,University of Mississippi,Monetary Economics,https://www.aeaweb.org/joe/listing.php?JOE_ID=2018-02_111460959,NA,,
522,111460500,University of North Carolina at Chapel Hill,"Environment
Energy
Development
",https://www.aeaweb.org/joe/listing.php?JOE_ID=2018-02_111460500,NA,,
523,111461004,University of Oklahoma,Macroeconomics/Monetary Economics,https://www.aeaweb.org/joe/listing.php?JOE_ID=2018-02_111461004,NA,,
524,111461533,University of Pennsylvania,"Professor of Practice
Public Administration
Master of Public Administration
MPA
Government
Public Service",https://www.aeaweb.org/joe/listing.php?JOE_ID=2018-02_111461533,NA,,
525,111460409,University of San Francisco,NA,https://www.aeaweb.org/joe/listing.php?JOE_ID=2018-02_111460409,NA,,
526,111460325,University of Saskatchewan,"Agricultural Economics, Applied Economics, Regional Economics",https://www.aeaweb.org/joe/listing.php?JOE_ID=2018-02_111460325,NA,,
527,111460402,University of Utah,"Family Economics
Financial Planning
",https://www.aeaweb.org/joe/listing.php?JOE_ID=2018-02_111460402,NA,,
528,111461081,University of Utah,"future of work
inequality
globalization
automation
gig economy",https://www.aeaweb.org/joe/listing.php?JOE_ID=2018-02_111461081,NA,,
529,111460507,University of Utah,NA,https://www.aeaweb.org/joe/listing.php?JOE_ID=2018-02_111460507,NA,,
530,111460756,US Government Accountability Office,"applied microeconomics
international economics
labor economics",https://www.aeaweb.org/joe/listing.php?JOE_ID=2018-02_111460756,NA,,
531,111460438,Vanguard,"Investment
Finance
Quantitative Analytics
Econometrician
Modeling
Investment Research
Financial Modeling
Statistician",https://www.aeaweb.org/joe/listing.php?JOE_ID=2018-02_111460438,NA,,
532,111460818,Virginia Military Institute,NA,https://www.aeaweb.org/joe/listing.php?JOE_ID=2018-02_111460818,NA,,
533,111461262,Virginia Tech,"Economics
Online Courses",https://www.aeaweb.org/joe/listing.php?JOE_ID=2018-02_111461262,NA,,
534,111461095,Wichita State University,NA,https://www.aeaweb.org/joe/listing.php?JOE_ID=2018-02_111461095,NA,,
535,111460381,Willamette University Atkinson Graduate School of Management,Financial Economics,https://www.aeaweb.org/joe/listing.php?JOE_ID=2018-02_111460381,NA,,
536,111460338,Yeshiva University,NA,https://www.aeaweb.org/joe/listing.php?JOE_ID=2018-02_111460338,NA,,
